,img,seg
0,ISBI2016_ISIC_Part1_Training_Data/000013.jpg,ISBI2016_ISIC_Part1_Training_GroundTruth/000013.png
1,ISBI2016_ISIC_Part1_Training_Data/000014.jpg,ISBI2016_ISIC_Part1_Training_GroundTruth/000014.png
2,ISBI2016_ISIC_Part1_Training_Data/000015.jpg,ISBI2016_ISIC_Part1_Training_GroundTruth/000015.png
3,ISBI2016_ISIC_Part1_Training_Data/000016.jpg,ISBI2016_ISIC_Part1_Training_GroundTruth/000016.png
4,ISBI2016_ISIC_Part1_Training_Data/000017.jpg,ISBI2016_ISIC_Part1_Training_GroundTruth/000017.png
5,ISBI2016_ISIC_Part1_Training_Data/000018.jpg,ISBI2016_ISIC_Part1_Training_GroundTruth/000018.png
6,ISBI2016_ISIC_Part1_Training_Data/000019.jpg,ISBI2016_ISIC_Part1_Training_GroundTruth/000019.png
7,ISBI2016_ISIC_Part1_Training_Data/000020.jpg,ISBI2016_ISIC_Part1_Training_GroundTruth/000020.png
8,ISBI2016_ISIC_Part1_Training_Data/000021.jpg,ISBI2016_ISIC_Part1_Training_GroundTruth/000021.png
9,ISBI2016_ISIC_Part1_Training_Data/000022.jpg,ISBI2016_ISIC_Part1_Training_GroundTruth/000022.png
10,ISBI2016_ISIC_Part1_Training_Data/000023.jpg,ISBI2016_ISIC_Part1_Training_GroundTruth/000023.png
11,ISBI2016_ISIC_Part1_Training_Data/000024.jpg,ISBI2016_ISIC_Part1_Training_GroundTruth/000024.png
12,ISBI2016_ISIC_Part1_Training_Data/000025.jpg,ISBI2016_ISIC_Part1_Training_GroundTruth/000025.png
13,ISBI2016_ISIC_Part1_Training_Data/000026.jpg,ISBI2016_ISIC_Part1_Training_GroundTruth/000026.png
14,ISBI2016_ISIC_Part1_Training_Data/000027.jpg,ISBI2016_ISIC_Part1_Training_GroundTruth/000027.png
15,ISBI2016_ISIC_Part1_Training_Data/000028.jpg,ISBI2016_ISIC_Part1_Training_GroundTruth/000028.png
16,ISBI2016_ISIC_Part1_Training_Data/000029.jpg,ISBI2016_ISIC_Part1_Training_GroundTruth/000029.png
17,ISBI2016_ISIC_Part1_Training_Data/000030.jpg,ISBI2016_ISIC_Part1_Training_GroundTruth/000030.png
18,ISBI2016_ISIC_Part1_Training_Data/000031.jpg,ISBI2016_ISIC_Part1_Training_GroundTruth/000031.png
19,ISBI2016_ISIC_Part1_Training_Data/000032.jpg,ISBI2016_ISIC_Part1_Training_GroundTruth/000032.png
20,ISBI2016_ISIC_Part1_Training_Data/000033.jpg,ISBI2016_ISIC_Part1_Training_GroundTruth/000033.png
21,ISBI2016_ISIC_Part1_Training_Data/000034.jpg,ISBI2016_ISIC_Part1_Training_GroundTruth/000034.png
22,ISBI2016_ISIC_Part1_Training_Data/000035.jpg,ISBI2016_ISIC_Part1_Training_GroundTruth/000035.png
23,ISBI2016_ISIC_Part1_Training_Data/000036.jpg,ISBI2016_ISIC_Part1_Training_GroundTruth/000036.png
24,ISBI2016_ISIC_Part1_Training_Data/000037.jpg,ISBI2016_ISIC_Part1_Training_GroundTruth/000037.png
25,ISBI2016_ISIC_Part1_Training_Data/000038.jpg,ISBI2016_ISIC_Part1_Training_GroundTruth/000038.png
26,ISBI2016_ISIC_Part1_Training_Data/000039.jpg,ISBI2016_ISIC_Part1_Training_GroundTruth/000039.png
27,ISBI2016_ISIC_Part1_Training_Data/000040.jpg,ISBI2016_ISIC_Part1_Training_GroundTruth/000040.png
28,ISBI2016_ISIC_Part1_Training_Data/000041.jpg,ISBI2016_ISIC_Part1_Training_GroundTruth/000041.png
29,ISBI2016_ISIC_Part1_Training_Data/000042.jpg,ISBI2016_ISIC_Part1_Training_GroundTruth/000042.png
30,ISBI2016_ISIC_Part1_Training_Data/000043.jpg,ISBI2016_ISIC_Part1_Training_GroundTruth/000043.png
31,ISBI2016_ISIC_Part1_Training_Data/000044.jpg,ISBI2016_ISIC_Part1_Training_GroundTruth/000044.png
32,ISBI2016_ISIC_Part1_Training_Data/000045.jpg,ISBI2016_ISIC_Part1_Training_GroundTruth/000045.png
33,ISBI2016_ISIC_Part1_Training_Data/000046.jpg,ISBI2016_ISIC_Part1_Training_GroundTruth/000046.png
34,ISBI2016_ISIC_Part1_Training_Data/000047.jpg,ISBI2016_ISIC_Part1_Training_GroundTruth/000047.png
35,ISBI2016_ISIC_Part1_Training_Data/000048.jpg,ISBI2016_ISIC_Part1_Training_GroundTruth/000048.png
36,ISBI2016_ISIC_Part1_Training_Data/000049.jpg,ISBI2016_ISIC_Part1_Training_GroundTruth/000049.png
37,ISBI2016_ISIC_Part1_Training_Data/000915.jpg,ISBI2016_ISIC_Part1_Training_GroundTruth/000915.png
38,ISBI2016_ISIC_Part1_Training_Data/000916.jpg,ISBI2016_ISIC_Part1_Training_GroundTruth/000916.png
39,ISBI2016_ISIC_Part1_Training_Data/000917.jpg,ISBI2016_ISIC_Part1_Training_GroundTruth/000917.png
40,ISBI2016_ISIC_Part1_Training_Data/000918.jpg,ISBI2016_ISIC_Part1_Training_GroundTruth/000918.png
41,ISBI2016_ISIC_Part1_Training_Data/000919.jpg,ISBI2016_ISIC_Part1_Training_GroundTruth/000919.png
42,ISBI2016_ISIC_Part1_Training_Data/000920.jpg,ISBI2016_ISIC_Part1_Training_GroundTruth/000920.png
43,ISBI2016_ISIC_Part1_Training_Data/000921.jpg,ISBI2016_ISIC_Part1_Training_GroundTruth/000921.png
44,ISBI2016_ISIC_Part1_Training_Data/000922.jpg,ISBI2016_ISIC_Part1_Training_GroundTruth/000922.png
45,ISBI2016_ISIC_Part1_Training_Data/000923.jpg,ISBI2016_ISIC_Part1_Training_GroundTruth/000923.png
46,ISBI2016_ISIC_Part1_Training_Data/000924.jpg,ISBI2016_ISIC_Part1_Training_GroundTruth/000924.png
47,ISBI2016_ISIC_Part1_Training_Data/000925.jpg,ISBI2016_ISIC_Part1_Training_GroundTruth/000925.png
48,ISBI2016_ISIC_Part1_Training_Data/000926.jpg,ISBI2016_ISIC_Part1_Training_GroundTruth/000926.png
49,ISBI2016_ISIC_Part1_Training_Data/000927.jpg,ISBI2016_ISIC_Part1_Training_GroundTruth/000927.png
50,ISBI2016_ISIC_Part1_Training_Data/000928.jpg,ISBI2016_ISIC_Part1_Training_GroundTruth/000928.png
51,ISBI2016_ISIC_Part1_Training_Data/000929.jpg,ISBI2016_ISIC_Part1_Training_GroundTruth/000929.png
52,ISBI2016_ISIC_Part1_Training_Data/000930.jpg,ISBI2016_ISIC_Part1_Training_GroundTruth/000930.png
53,ISBI2016_ISIC_Part1_Training_Data/000931.jpg,ISBI2016_ISIC_Part1_Training_GroundTruth/000931.png
54,ISBI2016_ISIC_Part1_Training_Data/000932.jpg,ISBI2016_ISIC_Part1_Training_GroundTruth/000932.png
55,ISBI2016_ISIC_Part1_Training_Data/000933.jpg,ISBI2016_ISIC_Part1_Training_GroundTruth/000933.png
56,ISBI2016_ISIC_Part1_Training_Data/000934.jpg,ISBI2016_ISIC_Part1_Training_GroundTruth/000934.png
57,ISBI2016_ISIC_Part1_Training_Data/000935.jpg,ISBI2016_ISIC_Part1_Training_GroundTruth/000935.png
58,ISBI2016_ISIC_Part1_Training_Data/000936.jpg,ISBI2016_ISIC_Part1_Training_GroundTruth/000936.png
59,ISBI2016_ISIC_Part1_Training_Data/000937.jpg,ISBI2016_ISIC_Part1_Training_GroundTruth/000937.png
60,ISBI2016_ISIC_Part1_Training_Data/000938.jpg,ISBI2016_ISIC_Part1_Training_GroundTruth/000938.png
61,ISBI2016_ISIC_Part1_Training_Data/000939.jpg,ISBI2016_ISIC_Part1_Training_GroundTruth/000939.png
62,ISBI2016_ISIC_Part1_Training_Data/000940.jpg,ISBI2016_ISIC_Part1_Training_GroundTruth/000940.png
63,ISBI2016_ISIC_Part1_Training_Data/000941.jpg,ISBI2016_ISIC_Part1_Training_GroundTruth/000941.png
64,ISBI2016_ISIC_Part1_Training_Data/000942.jpg,ISBI2016_ISIC_Part1_Training_GroundTruth/000942.png
65,ISBI2016_ISIC_Part1_Training_Data/000943.jpg,ISBI2016_ISIC_Part1_Training_GroundTruth/000943.png
66,ISBI2016_ISIC_Part1_Training_Data/000944.jpg,ISBI2016_ISIC_Part1_Training_GroundTruth/000944.png
67,ISBI2016_ISIC_Part1_Training_Data/000945.jpg,ISBI2016_ISIC_Part1_Training_GroundTruth/000945.png
68,ISBI2016_ISIC_Part1_Training_Data/000946.jpg,ISBI2016_ISIC_Part1_Training_GroundTruth/000946.png
69,ISBI2016_ISIC_Part1_Training_Data/000947.jpg,ISBI2016_ISIC_Part1_Training_GroundTruth/000947.png
70,ISBI2016_ISIC_Part1_Training_Data/000948.jpg,ISBI2016_ISIC_Part1_Training_GroundTruth/000948.png
71,ISBI2016_ISIC_Part1_Training_Data/000949.jpg,ISBI2016_ISIC_Part1_Training_GroundTruth/000949.png
72,ISBI2016_ISIC_Part1_Training_Data/000950.jpg,ISBI2016_ISIC_Part1_Training_GroundTruth/000950.png
73,ISBI2016_ISIC_Part1_Training_Data/000951.jpg,ISBI2016_ISIC_Part1_Training_GroundTruth/000951.png
74,ISBI2016_ISIC_Part1_Training_Data/001374.jpg,ISBI2016_ISIC_Part1_Training_GroundTruth/001374.png
75,ISBI2016_ISIC_Part1_Training_Data/001375.jpg,ISBI2016_ISIC_Part1_Training_GroundTruth/001375.png
76,ISBI2016_ISIC_Part1_Training_Data/001376.jpg,ISBI2016_ISIC_Part1_Training_GroundTruth/001376.png
77,ISBI2016_ISIC_Part1_Training_Data/001377.jpg,ISBI2016_ISIC_Part1_Training_GroundTruth/001377.png
78,ISBI2016_ISIC_Part1_Training_Data/001378.jpg,ISBI2016_ISIC_Part1_Training_GroundTruth/001378.png
79,ISBI2016_ISIC_Part1_Training_Data/001379.jpg,ISBI2016_ISIC_Part1_Training_GroundTruth/001379.png
80,ISBI2016_ISIC_Part1_Training_Data/001380.jpg,ISBI2016_ISIC_Part1_Training_GroundTruth/001380.png
81,ISBI2016_ISIC_Part1_Training_Data/001381.jpg,ISBI2016_ISIC_Part1_Training_GroundTruth/001381.png
82,ISBI2016_ISIC_Part1_Training_Data/001382.jpg,ISBI2016_ISIC_Part1_Training_GroundTruth/001382.png
83,ISBI2016_ISIC_Part1_Training_Data/001383.jpg,ISBI2016_ISIC_Part1_Training_GroundTruth/001383.png
84,ISBI2016_ISIC_Part1_Training_Data/001384.jpg,ISBI2016_ISIC_Part1_Training_GroundTruth/001384.png
85,ISBI2016_ISIC_Part1_Training_Data/001385.jpg,ISBI2016_ISIC_Part1_Training_GroundTruth/001385.png
86,ISBI2016_ISIC_Part1_Training_Data/001386.jpg,ISBI2016_ISIC_Part1_Training_GroundTruth/001386.png
87,ISBI2016_ISIC_Part1_Training_Data/001387.jpg,ISBI2016_ISIC_Part1_Training_GroundTruth/001387.png
88,ISBI2016_ISIC_Part1_Training_Data/001388.jpg,ISBI2016_ISIC_Part1_Training_GroundTruth/001388.png
89,ISBI2016_ISIC_Part1_Training_Data/001389.jpg,ISBI2016_ISIC_Part1_Training_GroundTruth/001389.png
90,ISBI2016_ISIC_Part1_Training_Data/001390.jpg,ISBI2016_ISIC_Part1_Training_GroundTruth/001390.png
91,ISBI2016_ISIC_Part1_Training_Data/001391.jpg,ISBI2016_ISIC_Part1_Training_GroundTruth/001391.png
92,ISBI2016_ISIC_Part1_Training_Data/001392.jpg,ISBI2016_ISIC_Part1_Training_GroundTruth/001392.png
93,ISBI2016_ISIC_Part1_Training_Data/001393.jpg,ISBI2016_ISIC_Part1_Training_GroundTruth/001393.png
94,ISBI2016_ISIC_Part1_Training_Data/001394.jpg,ISBI2016_ISIC_Part1_Training_GroundTruth/001394.png
95,ISBI2016_ISIC_Part1_Training_Data/001395.jpg,ISBI2016_ISIC_Part1_Training_GroundTruth/001395.png
96,ISBI2016_ISIC_Part1_Training_Data/001396.jpg,ISBI2016_ISIC_Part1_Training_GroundTruth/001396.png
97,ISBI2016_ISIC_Part1_Training_Data/001397.jpg,ISBI2016_ISIC_Part1_Training_GroundTruth/001397.png
98,ISBI2016_ISIC_Part1_Training_Data/001398.jpg,ISBI2016_ISIC_Part1_Training_GroundTruth/001398.png
99,ISBI2016_ISIC_Part1_Training_Data/001399.jpg,ISBI2016_ISIC_Part1_Training_GroundTruth/001399.png
100,ISBI2016_ISIC_Part1_Training_Data/001400.jpg,ISBI2016_ISIC_Part1_Training_GroundTruth/001400.png
101,ISBI2016_ISIC_Part1_Training_Data/001401.jpg,ISBI2016_ISIC_Part1_Training_GroundTruth/001401.png
102,ISBI2016_ISIC_Part1_Training_Data/001402.jpg,ISBI2016_ISIC_Part1_Training_GroundTruth/001402.png
103,ISBI2016_ISIC_Part1_Training_Data/001403.jpg,ISBI2016_ISIC_Part1_Training_GroundTruth/001403.png
104,ISBI2016_ISIC_Part1_Training_Data/001404.jpg,ISBI2016_ISIC_Part1_Training_GroundTruth/001404.png
105,ISBI2016_ISIC_Part1_Training_Data/001405.jpg,ISBI2016_ISIC_Part1_Training_GroundTruth/001405.png
106,ISBI2016_ISIC_Part1_Training_Data/001406.jpg,ISBI2016_ISIC_Part1_Training_GroundTruth/001406.png
107,ISBI2016_ISIC_Part1_Training_Data/001407.jpg,ISBI2016_ISIC_Part1_Training_GroundTruth/001407.png
108,ISBI2016_ISIC_Part1_Training_Data/001408.jpg,ISBI2016_ISIC_Part1_Training_GroundTruth/001408.png
109,ISBI2016_ISIC_Part1_Training_Data/001409.jpg,ISBI2016_ISIC_Part1_Training_GroundTruth/001409.png
110,ISBI2016_ISIC_Part1_Training_Data/001410.jpg,ISBI2016_ISIC_Part1_Training_GroundTruth/001410.png
111,ISBI2016_ISIC_Part1_Training_Data/002269.jpg,ISBI2016_ISIC_Part1_Training_GroundTruth/002269.png
112,ISBI2016_ISIC_Part1_Training_Data/002270.jpg,ISBI2016_ISIC_Part1_Training_GroundTruth/002270.png
113,ISBI2016_ISIC_Part1_Training_Data/002271.jpg,ISBI2016_ISIC_Part1_Training_GroundTruth/002271.png
114,ISBI2016_ISIC_Part1_Training_Data/002272.jpg,ISBI2016_ISIC_Part1_Training_GroundTruth/002272.png
115,ISBI2016_ISIC_Part1_Training_Data/002273.jpg,ISBI2016_ISIC_Part1_Training_GroundTruth/002273.png
116,ISBI2016_ISIC_Part1_Training_Data/002274.jpg,ISBI2016_ISIC_Part1_Training_GroundTruth/002274.png
117,ISBI2016_ISIC_Part1_Training_Data/002275.jpg,ISBI2016_ISIC_Part1_Training_GroundTruth/002275.png
118,ISBI2016_ISIC_Part1_Training_Data/002276.jpg,ISBI2016_ISIC_Part1_Training_GroundTruth/002276.png
119,ISBI2016_ISIC_Part1_Training_Data/002277.jpg,ISBI2016_ISIC_Part1_Training_GroundTruth/002277.png
120,ISBI2016_ISIC_Part1_Training_Data/002278.jpg,ISBI2016_ISIC_Part1_Training_GroundTruth/002278.png
121,ISBI2016_ISIC_Part1_Training_Data/002279.jpg,ISBI2016_ISIC_Part1_Training_GroundTruth/002279.png
122,ISBI2016_ISIC_Part1_Training_Data/002280.jpg,ISBI2016_ISIC_Part1_Training_GroundTruth/002280.png
123,ISBI2016_ISIC_Part1_Training_Data/002281.jpg,ISBI2016_ISIC_Part1_Training_GroundTruth/002281.png
124,ISBI2016_ISIC_Part1_Training_Data/002282.jpg,ISBI2016_ISIC_Part1_Training_GroundTruth/002282.png
125,ISBI2016_ISIC_Part1_Training_Data/002283.jpg,ISBI2016_ISIC_Part1_Training_GroundTruth/002283.png
126,ISBI2016_ISIC_Part1_Training_Data/002284.jpg,ISBI2016_ISIC_Part1_Training_GroundTruth/002284.png
127,ISBI2016_ISIC_Part1_Training_Data/002285.jpg,ISBI2016_ISIC_Part1_Training_GroundTruth/002285.png
128,ISBI2016_ISIC_Part1_Training_Data/002286.jpg,ISBI2016_ISIC_Part1_Training_GroundTruth/002286.png
129,ISBI2016_ISIC_Part1_Training_Data/002287.jpg,ISBI2016_ISIC_Part1_Training_GroundTruth/002287.png
130,ISBI2016_ISIC_Part1_Training_Data/002288.jpg,ISBI2016_ISIC_Part1_Training_GroundTruth/002288.png
131,ISBI2016_ISIC_Part1_Training_Data/002289.jpg,ISBI2016_ISIC_Part1_Training_GroundTruth/002289.png
132,ISBI2016_ISIC_Part1_Training_Data/002290.jpg,ISBI2016_ISIC_Part1_Training_GroundTruth/002290.png
133,ISBI2016_ISIC_Part1_Training_Data/002291.jpg,ISBI2016_ISIC_Part1_Training_GroundTruth/002291.png
134,ISBI2016_ISIC_Part1_Training_Data/002292.jpg,ISBI2016_ISIC_Part1_Training_GroundTruth/002292.png
135,ISBI2016_ISIC_Part1_Training_Data/002293.jpg,ISBI2016_ISIC_Part1_Training_GroundTruth/002293.png
136,ISBI2016_ISIC_Part1_Training_Data/002294.jpg,ISBI2016_ISIC_Part1_Training_GroundTruth/002294.png
137,ISBI2016_ISIC_Part1_Training_Data/002295.jpg,ISBI2016_ISIC_Part1_Training_GroundTruth/002295.png
138,ISBI2016_ISIC_Part1_Training_Data/002296.jpg,ISBI2016_ISIC_Part1_Training_GroundTruth/002296.png
139,ISBI2016_ISIC_Part1_Training_Data/002297.jpg,ISBI2016_ISIC_Part1_Training_GroundTruth/002297.png
140,ISBI2016_ISIC_Part1_Training_Data/002298.jpg,ISBI2016_ISIC_Part1_Training_GroundTruth/002298.png
141,ISBI2016_ISIC_Part1_Training_Data/002299.jpg,ISBI2016_ISIC_Part1_Training_GroundTruth/002299.png
142,ISBI2016_ISIC_Part1_Training_Data/002300.jpg,ISBI2016_ISIC_Part1_Training_GroundTruth/002300.png
143,ISBI2016_ISIC_Part1_Training_Data/002301.jpg,ISBI2016_ISIC_Part1_Training_GroundTruth/002301.png
144,ISBI2016_ISIC_Part1_Training_Data/002302.jpg,ISBI2016_ISIC_Part1_Training_GroundTruth/002302.png
145,ISBI2016_ISIC_Part1_Training_Data/002303.jpg,ISBI2016_ISIC_Part1_Training_GroundTruth/002303.png
146,ISBI2016_ISIC_Part1_Training_Data/002304.jpg,ISBI2016_ISIC_Part1_Training_GroundTruth/002304.png
147,ISBI2016_ISIC_Part1_Training_Data/002305.jpg,ISBI2016_ISIC_Part1_Training_GroundTruth/002305.png
148,ISBI2016_ISIC_Part1_Training_Data/002989.jpg,ISBI2016_ISIC_Part1_Training_GroundTruth/002989.png
149,ISBI2016_ISIC_Part1_Training_Data/002990.jpg,ISBI2016_ISIC_Part1_Training_GroundTruth/002990.png
150,ISBI2016_ISIC_Part1_Training_Data/002991.jpg,ISBI2016_ISIC_Part1_Training_GroundTruth/002991.png
151,ISBI2016_ISIC_Part1_Training_Data/002992.jpg,ISBI2016_ISIC_Part1_Training_GroundTruth/002992.png
152,ISBI2016_ISIC_Part1_Training_Data/002993.jpg,ISBI2016_ISIC_Part1_Training_GroundTruth/002993.png
153,ISBI2016_ISIC_Part1_Training_Data/002994.jpg,ISBI2016_ISIC_Part1_Training_GroundTruth/002994.png
154,ISBI2016_ISIC_Part1_Training_Data/002995.jpg,ISBI2016_ISIC_Part1_Training_GroundTruth/002995.png
155,ISBI2016_ISIC_Part1_Training_Data/002996.jpg,ISBI2016_ISIC_Part1_Training_GroundTruth/002996.png
156,ISBI2016_ISIC_Part1_Training_Data/002997.jpg,ISBI2016_ISIC_Part1_Training_GroundTruth/002997.png
157,ISBI2016_ISIC_Part1_Training_Data/002998.jpg,ISBI2016_ISIC_Part1_Training_GroundTruth/002998.png
158,ISBI2016_ISIC_Part1_Training_Data/002999.jpg,ISBI2016_ISIC_Part1_Training_GroundTruth/002999.png
159,ISBI2016_ISIC_Part1_Training_Data/003000.jpg,ISBI2016_ISIC_Part1_Training_GroundTruth/003000.png
160,ISBI2016_ISIC_Part1_Training_Data/003001.jpg,ISBI2016_ISIC_Part1_Training_GroundTruth/003001.png
161,ISBI2016_ISIC_Part1_Training_Data/003002.jpg,ISBI2016_ISIC_Part1_Training_GroundTruth/003002.png
162,ISBI2016_ISIC_Part1_Training_Data/003003.jpg,ISBI2016_ISIC_Part1_Training_GroundTruth/003003.png
163,ISBI2016_ISIC_Part1_Training_Data/003004.jpg,ISBI2016_ISIC_Part1_Training_GroundTruth/003004.png
164,ISBI2016_ISIC_Part1_Training_Data/003005.jpg,ISBI2016_ISIC_Part1_Training_GroundTruth/003005.png
165,ISBI2016_ISIC_Part1_Training_Data/003006.jpg,ISBI2016_ISIC_Part1_Training_GroundTruth/003006.png
166,ISBI2016_ISIC_Part1_Training_Data/003007.jpg,ISBI2016_ISIC_Part1_Training_GroundTruth/003007.png
167,ISBI2016_ISIC_Part1_Training_Data/003008.jpg,ISBI2016_ISIC_Part1_Training_GroundTruth/003008.png
168,ISBI2016_ISIC_Part1_Training_Data/003009.jpg,ISBI2016_ISIC_Part1_Training_GroundTruth/003009.png
169,ISBI2016_ISIC_Part1_Training_Data/003010.jpg,ISBI2016_ISIC_Part1_Training_GroundTruth/003010.png
170,ISBI2016_ISIC_Part1_Training_Data/003011.jpg,ISBI2016_ISIC_Part1_Training_GroundTruth/003011.png
171,ISBI2016_ISIC_Part1_Training_Data/003012.jpg,ISBI2016_ISIC_Part1_Training_GroundTruth/003012.png
172,ISBI2016_ISIC_Part1_Training_Data/003013.jpg,ISBI2016_ISIC_Part1_Training_GroundTruth/003013.png
173,ISBI2016_ISIC_Part1_Training_Data/003014.jpg,ISBI2016_ISIC_Part1_Training_GroundTruth/003014.png
174,ISBI2016_ISIC_Part1_Training_Data/003015.jpg,ISBI2016_ISIC_Part1_Training_GroundTruth/003015.png
175,ISBI2016_ISIC_Part1_Training_Data/003016.jpg,ISBI2016_ISIC_Part1_Training_GroundTruth/003016.png
176,ISBI2016_ISIC_Part1_Training_Data/003017.jpg,ISBI2016_ISIC_Part1_Training_GroundTruth/003017.png
177,ISBI2016_ISIC_Part1_Training_Data/003018.jpg,ISBI2016_ISIC_Part1_Training_GroundTruth/003018.png
178,ISBI2016_ISIC_Part1_Training_Data/003019.jpg,ISBI2016_ISIC_Part1_Training_GroundTruth/003019.png
179,ISBI2016_ISIC_Part1_Training_Data/003020.jpg,ISBI2016_ISIC_Part1_Training_GroundTruth/003020.png
180,ISBI2016_ISIC_Part1_Training_Data/003021.jpg,ISBI2016_ISIC_Part1_Training_GroundTruth/003021.png
181,ISBI2016_ISIC_Part1_Training_Data/003022.jpg,ISBI2016_ISIC_Part1_Training_GroundTruth/003022.png
182,ISBI2016_ISIC_Part1_Training_Data/003023.jpg,ISBI2016_ISIC_Part1_Training_GroundTruth/003023.png
183,ISBI2016_ISIC_Part1_Training_Data/003024.jpg,ISBI2016_ISIC_Part1_Training_GroundTruth/003024.png
184,ISBI2016_ISIC_Part1_Training_Data/003025.jpg,ISBI2016_ISIC_Part1_Training_GroundTruth/003025.png
185,ISBI2016_ISIC_Part1_Training_Data/003582.jpg,ISBI2016_ISIC_Part1_Training_GroundTruth/003582.png
186,ISBI2016_ISIC_Part1_Training_Data/003583.jpg,ISBI2016_ISIC_Part1_Training_GroundTruth/003583.png
187,ISBI2016_ISIC_Part1_Training_Data/003584.jpg,ISBI2016_ISIC_Part1_Training_GroundTruth/003584.png
188,ISBI2016_ISIC_Part1_Training_Data/003585.jpg,ISBI2016_ISIC_Part1_Training_GroundTruth/003585.png
189,ISBI2016_ISIC_Part1_Training_Data/003586.jpg,ISBI2016_ISIC_Part1_Training_GroundTruth/003586.png
190,ISBI2016_ISIC_Part1_Training_Data/003587.jpg,ISBI2016_ISIC_Part1_Training_GroundTruth/003587.png
191,ISBI2016_ISIC_Part1_Training_Data/003588.jpg,ISBI2016_ISIC_Part1_Training_GroundTruth/003588.png
192,ISBI2016_ISIC_Part1_Training_Data/003589.jpg,ISBI2016_ISIC_Part1_Training_GroundTruth/003589.png
193,ISBI2016_ISIC_Part1_Training_Data/003590.jpg,ISBI2016_ISIC_Part1_Training_GroundTruth/003590.png
194,ISBI2016_ISIC_Part1_Training_Data/003591.jpg,ISBI2016_ISIC_Part1_Training_GroundTruth/003591.png
195,ISBI2016_ISIC_Part1_Training_Data/003592.jpg,ISBI2016_ISIC_Part1_Training_GroundTruth/003592.png
196,ISBI2016_ISIC_Part1_Training_Data/003593.jpg,ISBI2016_ISIC_Part1_Training_GroundTruth/003593.png
197,ISBI2016_ISIC_Part1_Training_Data/003594.jpg,ISBI2016_ISIC_Part1_Training_GroundTruth/003594.png
198,ISBI2016_ISIC_Part1_Training_Data/003595.jpg,ISBI2016_ISIC_Part1_Training_GroundTruth/003595.png
199,ISBI2016_ISIC_Part1_Training_Data/003596.jpg,ISBI2016_ISIC_Part1_Training_GroundTruth/003596.png
200,ISBI2016_ISIC_Part1_Training_Data/003597.jpg,ISBI2016_ISIC_Part1_Training_GroundTruth/003597.png
201,ISBI2016_ISIC_Part1_Training_Data/003598.jpg,ISBI2016_ISIC_Part1_Training_GroundTruth/003598.png
202,ISBI2016_ISIC_Part1_Training_Data/003599.jpg,ISBI2016_ISIC_Part1_Training_GroundTruth/003599.png
203,ISBI2016_ISIC_Part1_Training_Data/003600.jpg,ISBI2016_ISIC_Part1_Training_GroundTruth/003600.png
204,ISBI2016_ISIC_Part1_Training_Data/003601.jpg,ISBI2016_ISIC_Part1_Training_GroundTruth/003601.png
205,ISBI2016_ISIC_Part1_Training_Data/003602.jpg,ISBI2016_ISIC_Part1_Training_GroundTruth/003602.png
206,ISBI2016_ISIC_Part1_Training_Data/003603.jpg,ISBI2016_ISIC_Part1_Training_GroundTruth/003603.png
207,ISBI2016_ISIC_Part1_Training_Data/003604.jpg,ISBI2016_ISIC_Part1_Training_GroundTruth/003604.png
208,ISBI2016_ISIC_Part1_Training_Data/003605.jpg,ISBI2016_ISIC_Part1_Training_GroundTruth/003605.png
209,ISBI2016_ISIC_Part1_Training_Data/003606.jpg,ISBI2016_ISIC_Part1_Training_GroundTruth/003606.png
210,ISBI2016_ISIC_Part1_Training_Data/003607.jpg,ISBI2016_ISIC_Part1_Training_GroundTruth/003607.png
211,ISBI2016_ISIC_Part1_Training_Data/003608.jpg,ISBI2016_ISIC_Part1_Training_GroundTruth/003608.png
212,ISBI2016_ISIC_Part1_Training_Data/003609.jpg,ISBI2016_ISIC_Part1_Training_GroundTruth/003609.png
213,ISBI2016_ISIC_Part1_Training_Data/003610.jpg,ISBI2016_ISIC_Part1_Training_GroundTruth/003610.png
214,ISBI2016_ISIC_Part1_Training_Data/003611.jpg,ISBI2016_ISIC_Part1_Training_GroundTruth/003611.png
215,ISBI2016_ISIC_Part1_Training_Data/003612.jpg,ISBI2016_ISIC_Part1_Training_GroundTruth/003612.png
216,ISBI2016_ISIC_Part1_Training_Data/003613.jpg,ISBI2016_ISIC_Part1_Training_GroundTruth/003613.png
217,ISBI2016_ISIC_Part1_Training_Data/003614.jpg,ISBI2016_ISIC_Part1_Training_GroundTruth/003614.png
218,ISBI2016_ISIC_Part1_Training_Data/003615.jpg,ISBI2016_ISIC_Part1_Training_GroundTruth/003615.png
219,ISBI2016_ISIC_Part1_Training_Data/003616.jpg,ISBI2016_ISIC_Part1_Training_GroundTruth/003616.png
220,ISBI2016_ISIC_Part1_Training_Data/003617.jpg,ISBI2016_ISIC_Part1_Training_GroundTruth/003617.png
221,ISBI2016_ISIC_Part1_Training_Data/003618.jpg,ISBI2016_ISIC_Part1_Training_GroundTruth/003618.png
222,ISBI2016_ISIC_Part1_Training_Data/004164.jpg,ISBI2016_ISIC_Part1_Training_GroundTruth/004164.png
223,ISBI2016_ISIC_Part1_Training_Data/004165.jpg,ISBI2016_ISIC_Part1_Training_GroundTruth/004165.png
224,ISBI2016_ISIC_Part1_Training_Data/004166.jpg,ISBI2016_ISIC_Part1_Training_GroundTruth/004166.png
225,ISBI2016_ISIC_Part1_Training_Data/004167.jpg,ISBI2016_ISIC_Part1_Training_GroundTruth/004167.png
226,ISBI2016_ISIC_Part1_Training_Data/004168.jpg,ISBI2016_ISIC_Part1_Training_GroundTruth/004168.png
227,ISBI2016_ISIC_Part1_Training_Data/004169.jpg,ISBI2016_ISIC_Part1_Training_GroundTruth/004169.png
228,ISBI2016_ISIC_Part1_Training_Data/004170.jpg,ISBI2016_ISIC_Part1_Training_GroundTruth/004170.png
229,ISBI2016_ISIC_Part1_Training_Data/004171.jpg,ISBI2016_ISIC_Part1_Training_GroundTruth/004171.png
230,ISBI2016_ISIC_Part1_Training_Data/004172.jpg,ISBI2016_ISIC_Part1_Training_GroundTruth/004172.png
231,ISBI2016_ISIC_Part1_Training_Data/004173.jpg,ISBI2016_ISIC_Part1_Training_GroundTruth/004173.png
232,ISBI2016_ISIC_Part1_Training_Data/004174.jpg,ISBI2016_ISIC_Part1_Training_GroundTruth/004174.png
233,ISBI2016_ISIC_Part1_Training_Data/004175.jpg,ISBI2016_ISIC_Part1_Training_GroundTruth/004175.png
234,ISBI2016_ISIC_Part1_Training_Data/004176.jpg,ISBI2016_ISIC_Part1_Training_GroundTruth/004176.png
235,ISBI2016_ISIC_Part1_Training_Data/004177.jpg,ISBI2016_ISIC_Part1_Training_GroundTruth/004177.png
236,ISBI2016_ISIC_Part1_Training_Data/004178.jpg,ISBI2016_ISIC_Part1_Training_GroundTruth/004178.png
237,ISBI2016_ISIC_Part1_Training_Data/004179.jpg,ISBI2016_ISIC_Part1_Training_GroundTruth/004179.png
238,ISBI2016_ISIC_Part1_Training_Data/004180.jpg,ISBI2016_ISIC_Part1_Training_GroundTruth/004180.png
239,ISBI2016_ISIC_Part1_Training_Data/004181.jpg,ISBI2016_ISIC_Part1_Training_GroundTruth/004181.png
240,ISBI2016_ISIC_Part1_Training_Data/004182.jpg,ISBI2016_ISIC_Part1_Training_GroundTruth/004182.png
241,ISBI2016_ISIC_Part1_Training_Data/004183.jpg,ISBI2016_ISIC_Part1_Training_GroundTruth/004183.png
242,ISBI2016_ISIC_Part1_Training_Data/004184.jpg,ISBI2016_ISIC_Part1_Training_GroundTruth/004184.png
243,ISBI2016_ISIC_Part1_Training_Data/004185.jpg,ISBI2016_ISIC_Part1_Training_GroundTruth/004185.png
244,ISBI2016_ISIC_Part1_Training_Data/004186.jpg,ISBI2016_ISIC_Part1_Training_GroundTruth/004186.png
245,ISBI2016_ISIC_Part1_Training_Data/004187.jpg,ISBI2016_ISIC_Part1_Training_GroundTruth/004187.png
246,ISBI2016_ISIC_Part1_Training_Data/004188.jpg,ISBI2016_ISIC_Part1_Training_GroundTruth/004188.png
247,ISBI2016_ISIC_Part1_Training_Data/004189.jpg,ISBI2016_ISIC_Part1_Training_GroundTruth/004189.png
248,ISBI2016_ISIC_Part1_Training_Data/004190.jpg,ISBI2016_ISIC_Part1_Training_GroundTruth/004190.png
249,ISBI2016_ISIC_Part1_Training_Data/004191.jpg,ISBI2016_ISIC_Part1_Training_GroundTruth/004191.png
250,ISBI2016_ISIC_Part1_Training_Data/004192.jpg,ISBI2016_ISIC_Part1_Training_GroundTruth/004192.png
251,ISBI2016_ISIC_Part1_Training_Data/004193.jpg,ISBI2016_ISIC_Part1_Training_GroundTruth/004193.png
252,ISBI2016_ISIC_Part1_Training_Data/004194.jpg,ISBI2016_ISIC_Part1_Training_GroundTruth/004194.png
253,ISBI2016_ISIC_Part1_Training_Data/004195.jpg,ISBI2016_ISIC_Part1_Training_GroundTruth/004195.png
254,ISBI2016_ISIC_Part1_Training_Data/004196.jpg,ISBI2016_ISIC_Part1_Training_GroundTruth/004196.png
255,ISBI2016_ISIC_Part1_Training_Data/004197.jpg,ISBI2016_ISIC_Part1_Training_GroundTruth/004197.png
256,ISBI2016_ISIC_Part1_Training_Data/004198.jpg,ISBI2016_ISIC_Part1_Training_GroundTruth/004198.png
257,ISBI2016_ISIC_Part1_Training_Data/004199.jpg,ISBI2016_ISIC_Part1_Training_GroundTruth/004199.png
258,ISBI2016_ISIC_Part1_Training_Data/004200.jpg,ISBI2016_ISIC_Part1_Training_GroundTruth/004200.png
259,ISBI2016_ISIC_Part1_Training_Data/004605.jpg,ISBI2016_ISIC_Part1_Training_GroundTruth/004605.png
260,ISBI2016_ISIC_Part1_Training_Data/004606.jpg,ISBI2016_ISIC_Part1_Training_GroundTruth/004606.png
261,ISBI2016_ISIC_Part1_Training_Data/004607.jpg,ISBI2016_ISIC_Part1_Training_GroundTruth/004607.png
262,ISBI2016_ISIC_Part1_Training_Data/004608.jpg,ISBI2016_ISIC_Part1_Training_GroundTruth/004608.png
263,ISBI2016_ISIC_Part1_Training_Data/004609.jpg,ISBI2016_ISIC_Part1_Training_GroundTruth/004609.png
264,ISBI2016_ISIC_Part1_Training_Data/004610.jpg,ISBI2016_ISIC_Part1_Training_GroundTruth/004610.png
265,ISBI2016_ISIC_Part1_Training_Data/004611.jpg,ISBI2016_ISIC_Part1_Training_GroundTruth/004611.png
266,ISBI2016_ISIC_Part1_Training_Data/004612.jpg,ISBI2016_ISIC_Part1_Training_GroundTruth/004612.png
267,ISBI2016_ISIC_Part1_Training_Data/004613.jpg,ISBI2016_ISIC_Part1_Training_GroundTruth/004613.png
268,ISBI2016_ISIC_Part1_Training_Data/004614.jpg,ISBI2016_ISIC_Part1_Training_GroundTruth/004614.png
269,ISBI2016_ISIC_Part1_Training_Data/004615.jpg,ISBI2016_ISIC_Part1_Training_GroundTruth/004615.png
270,ISBI2016_ISIC_Part1_Training_Data/004616.jpg,ISBI2016_ISIC_Part1_Training_GroundTruth/004616.png
271,ISBI2016_ISIC_Part1_Training_Data/004617.jpg,ISBI2016_ISIC_Part1_Training_GroundTruth/004617.png
272,ISBI2016_ISIC_Part1_Training_Data/004618.jpg,ISBI2016_ISIC_Part1_Training_GroundTruth/004618.png
273,ISBI2016_ISIC_Part1_Training_Data/004619.jpg,ISBI2016_ISIC_Part1_Training_GroundTruth/004619.png
274,ISBI2016_ISIC_Part1_Training_Data/004620.jpg,ISBI2016_ISIC_Part1_Training_GroundTruth/004620.png
275,ISBI2016_ISIC_Part1_Training_Data/004621.jpg,ISBI2016_ISIC_Part1_Training_GroundTruth/004621.png
276,ISBI2016_ISIC_Part1_Training_Data/004622.jpg,ISBI2016_ISIC_Part1_Training_GroundTruth/004622.png
277,ISBI2016_ISIC_Part1_Training_Data/004623.jpg,ISBI2016_ISIC_Part1_Training_GroundTruth/004623.png
278,ISBI2016_ISIC_Part1_Training_Data/004624.jpg,ISBI2016_ISIC_Part1_Training_GroundTruth/004624.png
279,ISBI2016_ISIC_Part1_Training_Data/004625.jpg,ISBI2016_ISIC_Part1_Training_GroundTruth/004625.png
280,ISBI2016_ISIC_Part1_Training_Data/004626.jpg,ISBI2016_ISIC_Part1_Training_GroundTruth/004626.png
281,ISBI2016_ISIC_Part1_Training_Data/004627.jpg,ISBI2016_ISIC_Part1_Training_GroundTruth/004627.png
282,ISBI2016_ISIC_Part1_Training_Data/004628.jpg,ISBI2016_ISIC_Part1_Training_GroundTruth/004628.png
283,ISBI2016_ISIC_Part1_Training_Data/004629.jpg,ISBI2016_ISIC_Part1_Training_GroundTruth/004629.png
284,ISBI2016_ISIC_Part1_Training_Data/004630.jpg,ISBI2016_ISIC_Part1_Training_GroundTruth/004630.png
285,ISBI2016_ISIC_Part1_Training_Data/004631.jpg,ISBI2016_ISIC_Part1_Training_GroundTruth/004631.png
286,ISBI2016_ISIC_Part1_Training_Data/004632.jpg,ISBI2016_ISIC_Part1_Training_GroundTruth/004632.png
287,ISBI2016_ISIC_Part1_Training_Data/004633.jpg,ISBI2016_ISIC_Part1_Training_GroundTruth/004633.png
288,ISBI2016_ISIC_Part1_Training_Data/004634.jpg,ISBI2016_ISIC_Part1_Training_GroundTruth/004634.png
289,ISBI2016_ISIC_Part1_Training_Data/004635.jpg,ISBI2016_ISIC_Part1_Training_GroundTruth/004635.png
290,ISBI2016_ISIC_Part1_Training_Data/004636.jpg,ISBI2016_ISIC_Part1_Training_GroundTruth/004636.png
291,ISBI2016_ISIC_Part1_Training_Data/004637.jpg,ISBI2016_ISIC_Part1_Training_GroundTruth/004637.png
292,ISBI2016_ISIC_Part1_Training_Data/004638.jpg,ISBI2016_ISIC_Part1_Training_GroundTruth/004638.png
293,ISBI2016_ISIC_Part1_Training_Data/004639.jpg,ISBI2016_ISIC_Part1_Training_GroundTruth/004639.png
294,ISBI2016_ISIC_Part1_Training_Data/004640.jpg,ISBI2016_ISIC_Part1_Training_GroundTruth/004640.png
295,ISBI2016_ISIC_Part1_Training_Data/004641.jpg,ISBI2016_ISIC_Part1_Training_GroundTruth/004641.png
296,ISBI2016_ISIC_Part1_Training_Data/005626.jpg,ISBI2016_ISIC_Part1_Training_GroundTruth/005626.png
297,ISBI2016_ISIC_Part1_Training_Data/005627.jpg,ISBI2016_ISIC_Part1_Training_GroundTruth/005627.png
298,ISBI2016_ISIC_Part1_Training_Data/005628.jpg,ISBI2016_ISIC_Part1_Training_GroundTruth/005628.png
299,ISBI2016_ISIC_Part1_Training_Data/005629.jpg,ISBI2016_ISIC_Part1_Training_GroundTruth/005629.png
300,ISBI2016_ISIC_Part1_Training_Data/005630.jpg,ISBI2016_ISIC_Part1_Training_GroundTruth/005630.png
301,ISBI2016_ISIC_Part1_Training_Data/005631.jpg,ISBI2016_ISIC_Part1_Training_GroundTruth/005631.png
302,ISBI2016_ISIC_Part1_Training_Data/005632.jpg,ISBI2016_ISIC_Part1_Training_GroundTruth/005632.png
303,ISBI2016_ISIC_Part1_Training_Data/005633.jpg,ISBI2016_ISIC_Part1_Training_GroundTruth/005633.png
304,ISBI2016_ISIC_Part1_Training_Data/005634.jpg,ISBI2016_ISIC_Part1_Training_GroundTruth/005634.png
305,ISBI2016_ISIC_Part1_Training_Data/005635.jpg,ISBI2016_ISIC_Part1_Training_GroundTruth/005635.png
306,ISBI2016_ISIC_Part1_Training_Data/005636.jpg,ISBI2016_ISIC_Part1_Training_GroundTruth/005636.png
307,ISBI2016_ISIC_Part1_Training_Data/005637.jpg,ISBI2016_ISIC_Part1_Training_GroundTruth/005637.png
308,ISBI2016_ISIC_Part1_Training_Data/005638.jpg,ISBI2016_ISIC_Part1_Training_GroundTruth/005638.png
309,ISBI2016_ISIC_Part1_Training_Data/005639.jpg,ISBI2016_ISIC_Part1_Training_GroundTruth/005639.png
310,ISBI2016_ISIC_Part1_Training_Data/005640.jpg,ISBI2016_ISIC_Part1_Training_GroundTruth/005640.png
311,ISBI2016_ISIC_Part1_Training_Data/005641.jpg,ISBI2016_ISIC_Part1_Training_GroundTruth/005641.png
312,ISBI2016_ISIC_Part1_Training_Data/005642.jpg,ISBI2016_ISIC_Part1_Training_GroundTruth/005642.png
313,ISBI2016_ISIC_Part1_Training_Data/005643.jpg,ISBI2016_ISIC_Part1_Training_GroundTruth/005643.png
314,ISBI2016_ISIC_Part1_Training_Data/005644.jpg,ISBI2016_ISIC_Part1_Training_GroundTruth/005644.png
315,ISBI2016_ISIC_Part1_Training_Data/005645.jpg,ISBI2016_ISIC_Part1_Training_GroundTruth/005645.png
316,ISBI2016_ISIC_Part1_Training_Data/005646.jpg,ISBI2016_ISIC_Part1_Training_GroundTruth/005646.png
317,ISBI2016_ISIC_Part1_Training_Data/005647.jpg,ISBI2016_ISIC_Part1_Training_GroundTruth/005647.png
318,ISBI2016_ISIC_Part1_Training_Data/005648.jpg,ISBI2016_ISIC_Part1_Training_GroundTruth/005648.png
319,ISBI2016_ISIC_Part1_Training_Data/005649.jpg,ISBI2016_ISIC_Part1_Training_GroundTruth/005649.png
320,ISBI2016_ISIC_Part1_Training_Data/005650.jpg,ISBI2016_ISIC_Part1_Training_GroundTruth/005650.png
321,ISBI2016_ISIC_Part1_Training_Data/005651.jpg,ISBI2016_ISIC_Part1_Training_GroundTruth/005651.png
322,ISBI2016_ISIC_Part1_Training_Data/005652.jpg,ISBI2016_ISIC_Part1_Training_GroundTruth/005652.png
323,ISBI2016_ISIC_Part1_Training_Data/005653.jpg,ISBI2016_ISIC_Part1_Training_GroundTruth/005653.png
324,ISBI2016_ISIC_Part1_Training_Data/005654.jpg,ISBI2016_ISIC_Part1_Training_GroundTruth/005654.png
325,ISBI2016_ISIC_Part1_Training_Data/005655.jpg,ISBI2016_ISIC_Part1_Training_GroundTruth/005655.png
326,ISBI2016_ISIC_Part1_Training_Data/005656.jpg,ISBI2016_ISIC_Part1_Training_GroundTruth/005656.png
327,ISBI2016_ISIC_Part1_Training_Data/005657.jpg,ISBI2016_ISIC_Part1_Training_GroundTruth/005657.png
328,ISBI2016_ISIC_Part1_Training_Data/005658.jpg,ISBI2016_ISIC_Part1_Training_GroundTruth/005658.png
329,ISBI2016_ISIC_Part1_Training_Data/005659.jpg,ISBI2016_ISIC_Part1_Training_GroundTruth/005659.png
330,ISBI2016_ISIC_Part1_Training_Data/005660.jpg,ISBI2016_ISIC_Part1_Training_GroundTruth/005660.png
331,ISBI2016_ISIC_Part1_Training_Data/005661.jpg,ISBI2016_ISIC_Part1_Training_GroundTruth/005661.png
332,ISBI2016_ISIC_Part1_Training_Data/005662.jpg,ISBI2016_ISIC_Part1_Training_GroundTruth/005662.png
333,ISBI2016_ISIC_Part1_Training_Data/006353.jpg,ISBI2016_ISIC_Part1_Training_GroundTruth/006353.png
334,ISBI2016_ISIC_Part1_Training_Data/006354.jpg,ISBI2016_ISIC_Part1_Training_GroundTruth/006354.png
335,ISBI2016_ISIC_Part1_Training_Data/006355.jpg,ISBI2016_ISIC_Part1_Training_GroundTruth/006355.png
336,ISBI2016_ISIC_Part1_Training_Data/006356.jpg,ISBI2016_ISIC_Part1_Training_GroundTruth/006356.png
337,ISBI2016_ISIC_Part1_Training_Data/006357.jpg,ISBI2016_ISIC_Part1_Training_GroundTruth/006357.png
338,ISBI2016_ISIC_Part1_Training_Data/006358.jpg,ISBI2016_ISIC_Part1_Training_GroundTruth/006358.png
339,ISBI2016_ISIC_Part1_Training_Data/006359.jpg,ISBI2016_ISIC_Part1_Training_GroundTruth/006359.png
340,ISBI2016_ISIC_Part1_Training_Data/006360.jpg,ISBI2016_ISIC_Part1_Training_GroundTruth/006360.png
341,ISBI2016_ISIC_Part1_Training_Data/006361.jpg,ISBI2016_ISIC_Part1_Training_GroundTruth/006361.png
342,ISBI2016_ISIC_Part1_Training_Data/006362.jpg,ISBI2016_ISIC_Part1_Training_GroundTruth/006362.png
343,ISBI2016_ISIC_Part1_Training_Data/006363.jpg,ISBI2016_ISIC_Part1_Training_GroundTruth/006363.png
344,ISBI2016_ISIC_Part1_Training_Data/006364.jpg,ISBI2016_ISIC_Part1_Training_GroundTruth/006364.png
345,ISBI2016_ISIC_Part1_Training_Data/006365.jpg,ISBI2016_ISIC_Part1_Training_GroundTruth/006365.png
346,ISBI2016_ISIC_Part1_Training_Data/006366.jpg,ISBI2016_ISIC_Part1_Training_GroundTruth/006366.png
347,ISBI2016_ISIC_Part1_Training_Data/006367.jpg,ISBI2016_ISIC_Part1_Training_GroundTruth/006367.png
348,ISBI2016_ISIC_Part1_Training_Data/006368.jpg,ISBI2016_ISIC_Part1_Training_GroundTruth/006368.png
349,ISBI2016_ISIC_Part1_Training_Data/006369.jpg,ISBI2016_ISIC_Part1_Training_GroundTruth/006369.png
350,ISBI2016_ISIC_Part1_Training_Data/006370.jpg,ISBI2016_ISIC_Part1_Training_GroundTruth/006370.png
351,ISBI2016_ISIC_Part1_Training_Data/006371.jpg,ISBI2016_ISIC_Part1_Training_GroundTruth/006371.png
352,ISBI2016_ISIC_Part1_Training_Data/006372.jpg,ISBI2016_ISIC_Part1_Training_GroundTruth/006372.png
353,ISBI2016_ISIC_Part1_Training_Data/006373.jpg,ISBI2016_ISIC_Part1_Training_GroundTruth/006373.png
354,ISBI2016_ISIC_Part1_Training_Data/006374.jpg,ISBI2016_ISIC_Part1_Training_GroundTruth/006374.png
355,ISBI2016_ISIC_Part1_Training_Data/006375.jpg,ISBI2016_ISIC_Part1_Training_GroundTruth/006375.png
356,ISBI2016_ISIC_Part1_Training_Data/006376.jpg,ISBI2016_ISIC_Part1_Training_GroundTruth/006376.png
357,ISBI2016_ISIC_Part1_Training_Data/006377.jpg,ISBI2016_ISIC_Part1_Training_GroundTruth/006377.png
358,ISBI2016_ISIC_Part1_Training_Data/006378.jpg,ISBI2016_ISIC_Part1_Training_GroundTruth/006378.png
359,ISBI2016_ISIC_Part1_Training_Data/006379.jpg,ISBI2016_ISIC_Part1_Training_GroundTruth/006379.png
360,ISBI2016_ISIC_Part1_Training_Data/006380.jpg,ISBI2016_ISIC_Part1_Training_GroundTruth/006380.png
361,ISBI2016_ISIC_Part1_Training_Data/006381.jpg,ISBI2016_ISIC_Part1_Training_GroundTruth/006381.png
362,ISBI2016_ISIC_Part1_Training_Data/006382.jpg,ISBI2016_ISIC_Part1_Training_GroundTruth/006382.png
363,ISBI2016_ISIC_Part1_Training_Data/006383.jpg,ISBI2016_ISIC_Part1_Training_GroundTruth/006383.png
364,ISBI2016_ISIC_Part1_Training_Data/006384.jpg,ISBI2016_ISIC_Part1_Training_GroundTruth/006384.png
365,ISBI2016_ISIC_Part1_Training_Data/006385.jpg,ISBI2016_ISIC_Part1_Training_GroundTruth/006385.png
366,ISBI2016_ISIC_Part1_Training_Data/006386.jpg,ISBI2016_ISIC_Part1_Training_GroundTruth/006386.png
367,ISBI2016_ISIC_Part1_Training_Data/006387.jpg,ISBI2016_ISIC_Part1_Training_GroundTruth/006387.png
368,ISBI2016_ISIC_Part1_Training_Data/006388.jpg,ISBI2016_ISIC_Part1_Training_GroundTruth/006388.png
369,ISBI2016_ISIC_Part1_Training_Data/006389.jpg,ISBI2016_ISIC_Part1_Training_GroundTruth/006389.png
370,ISBI2016_ISIC_Part1_Training_Data/006950.jpg,ISBI2016_ISIC_Part1_Training_GroundTruth/006950.png
371,ISBI2016_ISIC_Part1_Training_Data/006951.jpg,ISBI2016_ISIC_Part1_Training_GroundTruth/006951.png
372,ISBI2016_ISIC_Part1_Training_Data/006952.jpg,ISBI2016_ISIC_Part1_Training_GroundTruth/006952.png
373,ISBI2016_ISIC_Part1_Training_Data/006953.jpg,ISBI2016_ISIC_Part1_Training_GroundTruth/006953.png
374,ISBI2016_ISIC_Part1_Training_Data/006954.jpg,ISBI2016_ISIC_Part1_Training_GroundTruth/006954.png
375,ISBI2016_ISIC_Part1_Training_Data/006955.jpg,ISBI2016_ISIC_Part1_Training_GroundTruth/006955.png
376,ISBI2016_ISIC_Part1_Training_Data/006956.jpg,ISBI2016_ISIC_Part1_Training_GroundTruth/006956.png
377,ISBI2016_ISIC_Part1_Training_Data/006957.jpg,ISBI2016_ISIC_Part1_Training_GroundTruth/006957.png
378,ISBI2016_ISIC_Part1_Training_Data/006958.jpg,ISBI2016_ISIC_Part1_Training_GroundTruth/006958.png
379,ISBI2016_ISIC_Part1_Training_Data/006959.jpg,ISBI2016_ISIC_Part1_Training_GroundTruth/006959.png
380,ISBI2016_ISIC_Part1_Training_Data/006960.jpg,ISBI2016_ISIC_Part1_Training_GroundTruth/006960.png
381,ISBI2016_ISIC_Part1_Training_Data/006961.jpg,ISBI2016_ISIC_Part1_Training_GroundTruth/006961.png
382,ISBI2016_ISIC_Part1_Training_Data/006962.jpg,ISBI2016_ISIC_Part1_Training_GroundTruth/006962.png
383,ISBI2016_ISIC_Part1_Training_Data/006963.jpg,ISBI2016_ISIC_Part1_Training_GroundTruth/006963.png
384,ISBI2016_ISIC_Part1_Training_Data/006964.jpg,ISBI2016_ISIC_Part1_Training_GroundTruth/006964.png
385,ISBI2016_ISIC_Part1_Training_Data/006965.jpg,ISBI2016_ISIC_Part1_Training_GroundTruth/006965.png
386,ISBI2016_ISIC_Part1_Training_Data/006966.jpg,ISBI2016_ISIC_Part1_Training_GroundTruth/006966.png
387,ISBI2016_ISIC_Part1_Training_Data/006967.jpg,ISBI2016_ISIC_Part1_Training_GroundTruth/006967.png
388,ISBI2016_ISIC_Part1_Training_Data/006968.jpg,ISBI2016_ISIC_Part1_Training_GroundTruth/006968.png
389,ISBI2016_ISIC_Part1_Training_Data/006969.jpg,ISBI2016_ISIC_Part1_Training_GroundTruth/006969.png
390,ISBI2016_ISIC_Part1_Training_Data/006970.jpg,ISBI2016_ISIC_Part1_Training_GroundTruth/006970.png
391,ISBI2016_ISIC_Part1_Training_Data/006971.jpg,ISBI2016_ISIC_Part1_Training_GroundTruth/006971.png
392,ISBI2016_ISIC_Part1_Training_Data/006972.jpg,ISBI2016_ISIC_Part1_Training_GroundTruth/006972.png
393,ISBI2016_ISIC_Part1_Training_Data/006973.jpg,ISBI2016_ISIC_Part1_Training_GroundTruth/006973.png
394,ISBI2016_ISIC_Part1_Training_Data/006974.jpg,ISBI2016_ISIC_Part1_Training_GroundTruth/006974.png
395,ISBI2016_ISIC_Part1_Training_Data/006975.jpg,ISBI2016_ISIC_Part1_Training_GroundTruth/006975.png
396,ISBI2016_ISIC_Part1_Training_Data/006976.jpg,ISBI2016_ISIC_Part1_Training_GroundTruth/006976.png
397,ISBI2016_ISIC_Part1_Training_Data/006977.jpg,ISBI2016_ISIC_Part1_Training_GroundTruth/006977.png
398,ISBI2016_ISIC_Part1_Training_Data/006978.jpg,ISBI2016_ISIC_Part1_Training_GroundTruth/006978.png
399,ISBI2016_ISIC_Part1_Training_Data/006979.jpg,ISBI2016_ISIC_Part1_Training_GroundTruth/006979.png
400,ISBI2016_ISIC_Part1_Training_Data/006980.jpg,ISBI2016_ISIC_Part1_Training_GroundTruth/006980.png
401,ISBI2016_ISIC_Part1_Training_Data/006981.jpg,ISBI2016_ISIC_Part1_Training_GroundTruth/006981.png
402,ISBI2016_ISIC_Part1_Training_Data/006982.jpg,ISBI2016_ISIC_Part1_Training_GroundTruth/006982.png
403,ISBI2016_ISIC_Part1_Training_Data/006983.jpg,ISBI2016_ISIC_Part1_Training_GroundTruth/006983.png
404,ISBI2016_ISIC_Part1_Training_Data/006984.jpg,ISBI2016_ISIC_Part1_Training_GroundTruth/006984.png
405,ISBI2016_ISIC_Part1_Training_Data/006985.jpg,ISBI2016_ISIC_Part1_Training_GroundTruth/006985.png
406,ISBI2016_ISIC_Part1_Training_Data/006986.jpg,ISBI2016_ISIC_Part1_Training_GroundTruth/006986.png
407,ISBI2016_ISIC_Part1_Training_Data/009415.jpg,ISBI2016_ISIC_Part1_Training_GroundTruth/009415.png
408,ISBI2016_ISIC_Part1_Training_Data/009416.jpg,ISBI2016_ISIC_Part1_Training_GroundTruth/009416.png
409,ISBI2016_ISIC_Part1_Training_Data/009417.jpg,ISBI2016_ISIC_Part1_Training_GroundTruth/009417.png
410,ISBI2016_ISIC_Part1_Training_Data/009418.jpg,ISBI2016_ISIC_Part1_Training_GroundTruth/009418.png
411,ISBI2016_ISIC_Part1_Training_Data/009419.jpg,ISBI2016_ISIC_Part1_Training_GroundTruth/009419.png
412,ISBI2016_ISIC_Part1_Training_Data/009420.jpg,ISBI2016_ISIC_Part1_Training_GroundTruth/009420.png
413,ISBI2016_ISIC_Part1_Training_Data/009421.jpg,ISBI2016_ISIC_Part1_Training_GroundTruth/009421.png
414,ISBI2016_ISIC_Part1_Training_Data/009422.jpg,ISBI2016_ISIC_Part1_Training_GroundTruth/009422.png
415,ISBI2016_ISIC_Part1_Training_Data/009423.jpg,ISBI2016_ISIC_Part1_Training_GroundTruth/009423.png
416,ISBI2016_ISIC_Part1_Training_Data/009424.jpg,ISBI2016_ISIC_Part1_Training_GroundTruth/009424.png
417,ISBI2016_ISIC_Part1_Training_Data/009425.jpg,ISBI2016_ISIC_Part1_Training_GroundTruth/009425.png
418,ISBI2016_ISIC_Part1_Training_Data/009426.jpg,ISBI2016_ISIC_Part1_Training_GroundTruth/009426.png
419,ISBI2016_ISIC_Part1_Training_Data/009427.jpg,ISBI2016_ISIC_Part1_Training_GroundTruth/009427.png
420,ISBI2016_ISIC_Part1_Training_Data/009428.jpg,ISBI2016_ISIC_Part1_Training_GroundTruth/009428.png
421,ISBI2016_ISIC_Part1_Training_Data/009429.jpg,ISBI2016_ISIC_Part1_Training_GroundTruth/009429.png
422,ISBI2016_ISIC_Part1_Training_Data/009430.jpg,ISBI2016_ISIC_Part1_Training_GroundTruth/009430.png
423,ISBI2016_ISIC_Part1_Training_Data/009431.jpg,ISBI2016_ISIC_Part1_Training_GroundTruth/009431.png
424,ISBI2016_ISIC_Part1_Training_Data/009432.jpg,ISBI2016_ISIC_Part1_Training_GroundTruth/009432.png
425,ISBI2016_ISIC_Part1_Training_Data/009433.jpg,ISBI2016_ISIC_Part1_Training_GroundTruth/009433.png
426,ISBI2016_ISIC_Part1_Training_Data/009434.jpg,ISBI2016_ISIC_Part1_Training_GroundTruth/009434.png
427,ISBI2016_ISIC_Part1_Training_Data/009435.jpg,ISBI2016_ISIC_Part1_Training_GroundTruth/009435.png
428,ISBI2016_ISIC_Part1_Training_Data/009436.jpg,ISBI2016_ISIC_Part1_Training_GroundTruth/009436.png
429,ISBI2016_ISIC_Part1_Training_Data/009437.jpg,ISBI2016_ISIC_Part1_Training_GroundTruth/009437.png
430,ISBI2016_ISIC_Part1_Training_Data/009438.jpg,ISBI2016_ISIC_Part1_Training_GroundTruth/009438.png
431,ISBI2016_ISIC_Part1_Training_Data/009439.jpg,ISBI2016_ISIC_Part1_Training_GroundTruth/009439.png
432,ISBI2016_ISIC_Part1_Training_Data/009440.jpg,ISBI2016_ISIC_Part1_Training_GroundTruth/009440.png
433,ISBI2016_ISIC_Part1_Training_Data/009441.jpg,ISBI2016_ISIC_Part1_Training_GroundTruth/009441.png
434,ISBI2016_ISIC_Part1_Training_Data/009442.jpg,ISBI2016_ISIC_Part1_Training_GroundTruth/009442.png
435,ISBI2016_ISIC_Part1_Training_Data/009443.jpg,ISBI2016_ISIC_Part1_Training_GroundTruth/009443.png
436,ISBI2016_ISIC_Part1_Training_Data/009444.jpg,ISBI2016_ISIC_Part1_Training_GroundTruth/009444.png
437,ISBI2016_ISIC_Part1_Training_Data/009445.jpg,ISBI2016_ISIC_Part1_Training_GroundTruth/009445.png
438,ISBI2016_ISIC_Part1_Training_Data/009446.jpg,ISBI2016_ISIC_Part1_Training_GroundTruth/009446.png
439,ISBI2016_ISIC_Part1_Training_Data/009447.jpg,ISBI2016_ISIC_Part1_Training_GroundTruth/009447.png
440,ISBI2016_ISIC_Part1_Training_Data/009448.jpg,ISBI2016_ISIC_Part1_Training_GroundTruth/009448.png
441,ISBI2016_ISIC_Part1_Training_Data/009449.jpg,ISBI2016_ISIC_Part1_Training_GroundTruth/009449.png
442,ISBI2016_ISIC_Part1_Training_Data/009450.jpg,ISBI2016_ISIC_Part1_Training_GroundTruth/009450.png
443,ISBI2016_ISIC_Part1_Training_Data/009451.jpg,ISBI2016_ISIC_Part1_Training_GroundTruth/009451.png
444,ISBI2016_ISIC_Part1_Training_Data/010314.jpg,ISBI2016_ISIC_Part1_Training_GroundTruth/010314.png
445,ISBI2016_ISIC_Part1_Training_Data/010315.jpg,ISBI2016_ISIC_Part1_Training_GroundTruth/010315.png
446,ISBI2016_ISIC_Part1_Training_Data/010316.jpg,ISBI2016_ISIC_Part1_Training_GroundTruth/010316.png
447,ISBI2016_ISIC_Part1_Training_Data/010317.jpg,ISBI2016_ISIC_Part1_Training_GroundTruth/010317.png
448,ISBI2016_ISIC_Part1_Training_Data/010318.jpg,ISBI2016_ISIC_Part1_Training_GroundTruth/010318.png
449,ISBI2016_ISIC_Part1_Training_Data/010319.jpg,ISBI2016_ISIC_Part1_Training_GroundTruth/010319.png
450,ISBI2016_ISIC_Part1_Training_Data/010320.jpg,ISBI2016_ISIC_Part1_Training_GroundTruth/010320.png
451,ISBI2016_ISIC_Part1_Training_Data/010321.jpg,ISBI2016_ISIC_Part1_Training_GroundTruth/010321.png
452,ISBI2016_ISIC_Part1_Training_Data/010322.jpg,ISBI2016_ISIC_Part1_Training_GroundTruth/010322.png
453,ISBI2016_ISIC_Part1_Training_Data/010323.jpg,ISBI2016_ISIC_Part1_Training_GroundTruth/010323.png
454,ISBI2016_ISIC_Part1_Training_Data/010324.jpg,ISBI2016_ISIC_Part1_Training_GroundTruth/010324.png
455,ISBI2016_ISIC_Part1_Training_Data/010325.jpg,ISBI2016_ISIC_Part1_Training_GroundTruth/010325.png
456,ISBI2016_ISIC_Part1_Training_Data/010326.jpg,ISBI2016_ISIC_Part1_Training_GroundTruth/010326.png
457,ISBI2016_ISIC_Part1_Training_Data/010327.jpg,ISBI2016_ISIC_Part1_Training_GroundTruth/010327.png
458,ISBI2016_ISIC_Part1_Training_Data/010328.jpg,ISBI2016_ISIC_Part1_Training_GroundTruth/010328.png
459,ISBI2016_ISIC_Part1_Training_Data/010329.jpg,ISBI2016_ISIC_Part1_Training_GroundTruth/010329.png
460,ISBI2016_ISIC_Part1_Training_Data/010330.jpg,ISBI2016_ISIC_Part1_Training_GroundTruth/010330.png
461,ISBI2016_ISIC_Part1_Training_Data/010331.jpg,ISBI2016_ISIC_Part1_Training_GroundTruth/010331.png
462,ISBI2016_ISIC_Part1_Training_Data/010332.jpg,ISBI2016_ISIC_Part1_Training_GroundTruth/010332.png
463,ISBI2016_ISIC_Part1_Training_Data/010333.jpg,ISBI2016_ISIC_Part1_Training_GroundTruth/010333.png
464,ISBI2016_ISIC_Part1_Training_Data/010334.jpg,ISBI2016_ISIC_Part1_Training_GroundTruth/010334.png
465,ISBI2016_ISIC_Part1_Training_Data/010335.jpg,ISBI2016_ISIC_Part1_Training_GroundTruth/010335.png
466,ISBI2016_ISIC_Part1_Training_Data/010336.jpg,ISBI2016_ISIC_Part1_Training_GroundTruth/010336.png
467,ISBI2016_ISIC_Part1_Training_Data/010337.jpg,ISBI2016_ISIC_Part1_Training_GroundTruth/010337.png
468,ISBI2016_ISIC_Part1_Training_Data/010338.jpg,ISBI2016_ISIC_Part1_Training_GroundTruth/010338.png
469,ISBI2016_ISIC_Part1_Training_Data/010339.jpg,ISBI2016_ISIC_Part1_Training_GroundTruth/010339.png
470,ISBI2016_ISIC_Part1_Training_Data/010340.jpg,ISBI2016_ISIC_Part1_Training_GroundTruth/010340.png
471,ISBI2016_ISIC_Part1_Training_Data/010341.jpg,ISBI2016_ISIC_Part1_Training_GroundTruth/010341.png
472,ISBI2016_ISIC_Part1_Training_Data/010342.jpg,ISBI2016_ISIC_Part1_Training_GroundTruth/010342.png
473,ISBI2016_ISIC_Part1_Training_Data/010343.jpg,ISBI2016_ISIC_Part1_Training_GroundTruth/010343.png
474,ISBI2016_ISIC_Part1_Training_Data/010344.jpg,ISBI2016_ISIC_Part1_Training_GroundTruth/010344.png
475,ISBI2016_ISIC_Part1_Training_Data/010345.jpg,ISBI2016_ISIC_Part1_Training_GroundTruth/010345.png
476,ISBI2016_ISIC_Part1_Training_Data/010346.jpg,ISBI2016_ISIC_Part1_Training_GroundTruth/010346.png
477,ISBI2016_ISIC_Part1_Training_Data/010347.jpg,ISBI2016_ISIC_Part1_Training_GroundTruth/010347.png
478,ISBI2016_ISIC_Part1_Training_Data/010348.jpg,ISBI2016_ISIC_Part1_Training_GroundTruth/010348.png
479,ISBI2016_ISIC_Part1_Training_Data/010349.jpg,ISBI2016_ISIC_Part1_Training_GroundTruth/010349.png
480,ISBI2016_ISIC_Part1_Training_Data/010350.jpg,ISBI2016_ISIC_Part1_Training_GroundTruth/010350.png
481,ISBI2016_ISIC_Part1_Training_Data/010574.jpg,ISBI2016_ISIC_Part1_Training_GroundTruth/010574.png
482,ISBI2016_ISIC_Part1_Training_Data/010575.jpg,ISBI2016_ISIC_Part1_Training_GroundTruth/010575.png
483,ISBI2016_ISIC_Part1_Training_Data/010576.jpg,ISBI2016_ISIC_Part1_Training_GroundTruth/010576.png
484,ISBI2016_ISIC_Part1_Training_Data/010577.jpg,ISBI2016_ISIC_Part1_Training_GroundTruth/010577.png
485,ISBI2016_ISIC_Part1_Training_Data/010578.jpg,ISBI2016_ISIC_Part1_Training_GroundTruth/010578.png
486,ISBI2016_ISIC_Part1_Training_Data/010579.jpg,ISBI2016_ISIC_Part1_Training_GroundTruth/010579.png
487,ISBI2016_ISIC_Part1_Training_Data/010580.jpg,ISBI2016_ISIC_Part1_Training_GroundTruth/010580.png
488,ISBI2016_ISIC_Part1_Training_Data/010581.jpg,ISBI2016_ISIC_Part1_Training_GroundTruth/010581.png
489,ISBI2016_ISIC_Part1_Training_Data/010582.jpg,ISBI2016_ISIC_Part1_Training_GroundTruth/010582.png
490,ISBI2016_ISIC_Part1_Training_Data/010583.jpg,ISBI2016_ISIC_Part1_Training_GroundTruth/010583.png
491,ISBI2016_ISIC_Part1_Training_Data/010584.jpg,ISBI2016_ISIC_Part1_Training_GroundTruth/010584.png
492,ISBI2016_ISIC_Part1_Training_Data/010585.jpg,ISBI2016_ISIC_Part1_Training_GroundTruth/010585.png
493,ISBI2016_ISIC_Part1_Training_Data/010586.jpg,ISBI2016_ISIC_Part1_Training_GroundTruth/010586.png
494,ISBI2016_ISIC_Part1_Training_Data/010587.jpg,ISBI2016_ISIC_Part1_Training_GroundTruth/010587.png
495,ISBI2016_ISIC_Part1_Training_Data/010588.jpg,ISBI2016_ISIC_Part1_Training_GroundTruth/010588.png
496,ISBI2016_ISIC_Part1_Training_Data/010589.jpg,ISBI2016_ISIC_Part1_Training_GroundTruth/010589.png
497,ISBI2016_ISIC_Part1_Training_Data/010590.jpg,ISBI2016_ISIC_Part1_Training_GroundTruth/010590.png
498,ISBI2016_ISIC_Part1_Training_Data/010591.jpg,ISBI2016_ISIC_Part1_Training_GroundTruth/010591.png
499,ISBI2016_ISIC_Part1_Training_Data/010592.jpg,ISBI2016_ISIC_Part1_Training_GroundTruth/010592.png
500,ISBI2016_ISIC_Part1_Training_Data/010593.jpg,ISBI2016_ISIC_Part1_Training_GroundTruth/010593.png
501,ISBI2016_ISIC_Part1_Training_Data/010594.jpg,ISBI2016_ISIC_Part1_Training_GroundTruth/010594.png
502,ISBI2016_ISIC_Part1_Training_Data/010595.jpg,ISBI2016_ISIC_Part1_Training_GroundTruth/010595.png
503,ISBI2016_ISIC_Part1_Training_Data/010596.jpg,ISBI2016_ISIC_Part1_Training_GroundTruth/010596.png
504,ISBI2016_ISIC_Part1_Training_Data/010597.jpg,ISBI2016_ISIC_Part1_Training_GroundTruth/010597.png
505,ISBI2016_ISIC_Part1_Training_Data/010598.jpg,ISBI2016_ISIC_Part1_Training_GroundTruth/010598.png
506,ISBI2016_ISIC_Part1_Training_Data/010599.jpg,ISBI2016_ISIC_Part1_Training_GroundTruth/010599.png
507,ISBI2016_ISIC_Part1_Training_Data/010600.jpg,ISBI2016_ISIC_Part1_Training_GroundTruth/010600.png
508,ISBI2016_ISIC_Part1_Training_Data/010601.jpg,ISBI2016_ISIC_Part1_Training_GroundTruth/010601.png
509,ISBI2016_ISIC_Part1_Training_Data/010602.jpg,ISBI2016_ISIC_Part1_Training_GroundTruth/010602.png
510,ISBI2016_ISIC_Part1_Training_Data/010603.jpg,ISBI2016_ISIC_Part1_Training_GroundTruth/010603.png
511,ISBI2016_ISIC_Part1_Training_Data/010604.jpg,ISBI2016_ISIC_Part1_Training_GroundTruth/010604.png
512,ISBI2016_ISIC_Part1_Training_Data/010605.jpg,ISBI2016_ISIC_Part1_Training_GroundTruth/010605.png
513,ISBI2016_ISIC_Part1_Training_Data/010606.jpg,ISBI2016_ISIC_Part1_Training_GroundTruth/010606.png
514,ISBI2016_ISIC_Part1_Training_Data/010607.jpg,ISBI2016_ISIC_Part1_Training_GroundTruth/010607.png
515,ISBI2016_ISIC_Part1_Training_Data/010608.jpg,ISBI2016_ISIC_Part1_Training_GroundTruth/010608.png
516,ISBI2016_ISIC_Part1_Training_Data/010609.jpg,ISBI2016_ISIC_Part1_Training_GroundTruth/010609.png
517,ISBI2016_ISIC_Part1_Training_Data/010610.jpg,ISBI2016_ISIC_Part1_Training_GroundTruth/010610.png
518,ISBI2016_ISIC_Part1_Training_Data/010704.jpg,ISBI2016_ISIC_Part1_Training_GroundTruth/010704.png
519,ISBI2016_ISIC_Part1_Training_Data/010705.jpg,ISBI2016_ISIC_Part1_Training_GroundTruth/010705.png
520,ISBI2016_ISIC_Part1_Training_Data/010706.jpg,ISBI2016_ISIC_Part1_Training_GroundTruth/010706.png
521,ISBI2016_ISIC_Part1_Training_Data/010707.jpg,ISBI2016_ISIC_Part1_Training_GroundTruth/010707.png
522,ISBI2016_ISIC_Part1_Training_Data/010708.jpg,ISBI2016_ISIC_Part1_Training_GroundTruth/010708.png
523,ISBI2016_ISIC_Part1_Training_Data/010709.jpg,ISBI2016_ISIC_Part1_Training_GroundTruth/010709.png
524,ISBI2016_ISIC_Part1_Training_Data/010710.jpg,ISBI2016_ISIC_Part1_Training_GroundTruth/010710.png
525,ISBI2016_ISIC_Part1_Training_Data/010711.jpg,ISBI2016_ISIC_Part1_Training_GroundTruth/010711.png
526,ISBI2016_ISIC_Part1_Training_Data/010712.jpg,ISBI2016_ISIC_Part1_Training_GroundTruth/010712.png
527,ISBI2016_ISIC_Part1_Training_Data/010713.jpg,ISBI2016_ISIC_Part1_Training_GroundTruth/010713.png
528,ISBI2016_ISIC_Part1_Training_Data/010714.jpg,ISBI2016_ISIC_Part1_Training_GroundTruth/010714.png
529,ISBI2016_ISIC_Part1_Training_Data/010715.jpg,ISBI2016_ISIC_Part1_Training_GroundTruth/010715.png
530,ISBI2016_ISIC_Part1_Training_Data/010716.jpg,ISBI2016_ISIC_Part1_Training_GroundTruth/010716.png
531,ISBI2016_ISIC_Part1_Training_Data/010717.jpg,ISBI2016_ISIC_Part1_Training_GroundTruth/010717.png
532,ISBI2016_ISIC_Part1_Training_Data/010718.jpg,ISBI2016_ISIC_Part1_Training_GroundTruth/010718.png
533,ISBI2016_ISIC_Part1_Training_Data/010719.jpg,ISBI2016_ISIC_Part1_Training_GroundTruth/010719.png
534,ISBI2016_ISIC_Part1_Training_Data/010720.jpg,ISBI2016_ISIC_Part1_Training_GroundTruth/010720.png
535,ISBI2016_ISIC_Part1_Training_Data/010721.jpg,ISBI2016_ISIC_Part1_Training_GroundTruth/010721.png
536,ISBI2016_ISIC_Part1_Training_Data/010722.jpg,ISBI2016_ISIC_Part1_Training_GroundTruth/010722.png
537,ISBI2016_ISIC_Part1_Training_Data/010723.jpg,ISBI2016_ISIC_Part1_Training_GroundTruth/010723.png
538,ISBI2016_ISIC_Part1_Training_Data/010724.jpg,ISBI2016_ISIC_Part1_Training_GroundTruth/010724.png
539,ISBI2016_ISIC_Part1_Training_Data/010725.jpg,ISBI2016_ISIC_Part1_Training_GroundTruth/010725.png
540,ISBI2016_ISIC_Part1_Training_Data/010726.jpg,ISBI2016_ISIC_Part1_Training_GroundTruth/010726.png
541,ISBI2016_ISIC_Part1_Training_Data/010727.jpg,ISBI2016_ISIC_Part1_Training_GroundTruth/010727.png
542,ISBI2016_ISIC_Part1_Training_Data/010728.jpg,ISBI2016_ISIC_Part1_Training_GroundTruth/010728.png
543,ISBI2016_ISIC_Part1_Training_Data/010729.jpg,ISBI2016_ISIC_Part1_Training_GroundTruth/010729.png
544,ISBI2016_ISIC_Part1_Training_Data/010730.jpg,ISBI2016_ISIC_Part1_Training_GroundTruth/010730.png
545,ISBI2016_ISIC_Part1_Training_Data/010731.jpg,ISBI2016_ISIC_Part1_Training_GroundTruth/010731.png
546,ISBI2016_ISIC_Part1_Training_Data/010732.jpg,ISBI2016_ISIC_Part1_Training_GroundTruth/010732.png
547,ISBI2016_ISIC_Part1_Training_Data/010733.jpg,ISBI2016_ISIC_Part1_Training_GroundTruth/010733.png
548,ISBI2016_ISIC_Part1_Training_Data/010734.jpg,ISBI2016_ISIC_Part1_Training_GroundTruth/010734.png
549,ISBI2016_ISIC_Part1_Training_Data/010735.jpg,ISBI2016_ISIC_Part1_Training_GroundTruth/010735.png
550,ISBI2016_ISIC_Part1_Training_Data/010736.jpg,ISBI2016_ISIC_Part1_Training_GroundTruth/010736.png
551,ISBI2016_ISIC_Part1_Training_Data/010737.jpg,ISBI2016_ISIC_Part1_Training_GroundTruth/010737.png
552,ISBI2016_ISIC_Part1_Training_Data/010738.jpg,ISBI2016_ISIC_Part1_Training_GroundTruth/010738.png
553,ISBI2016_ISIC_Part1_Training_Data/010739.jpg,ISBI2016_ISIC_Part1_Training_GroundTruth/010739.png
554,ISBI2016_ISIC_Part1_Training_Data/010740.jpg,ISBI2016_ISIC_Part1_Training_GroundTruth/010740.png
555,ISBI2016_ISIC_Part1_Training_Data/013237.jpg,ISBI2016_ISIC_Part1_Training_GroundTruth/013237.png
556,ISBI2016_ISIC_Part1_Training_Data/013238.jpg,ISBI2016_ISIC_Part1_Training_GroundTruth/013238.png
557,ISBI2016_ISIC_Part1_Training_Data/013239.jpg,ISBI2016_ISIC_Part1_Training_GroundTruth/013239.png
558,ISBI2016_ISIC_Part1_Training_Data/013240.jpg,ISBI2016_ISIC_Part1_Training_GroundTruth/013240.png
559,ISBI2016_ISIC_Part1_Training_Data/013241.jpg,ISBI2016_ISIC_Part1_Training_GroundTruth/013241.png
560,ISBI2016_ISIC_Part1_Training_Data/013242.jpg,ISBI2016_ISIC_Part1_Training_GroundTruth/013242.png
561,ISBI2016_ISIC_Part1_Training_Data/013243.jpg,ISBI2016_ISIC_Part1_Training_GroundTruth/013243.png
562,ISBI2016_ISIC_Part1_Training_Data/013244.jpg,ISBI2016_ISIC_Part1_Training_GroundTruth/013244.png
563,ISBI2016_ISIC_Part1_Training_Data/013245.jpg,ISBI2016_ISIC_Part1_Training_GroundTruth/013245.png
564,ISBI2016_ISIC_Part1_Training_Data/013246.jpg,ISBI2016_ISIC_Part1_Training_GroundTruth/013246.png
565,ISBI2016_ISIC_Part1_Training_Data/013247.jpg,ISBI2016_ISIC_Part1_Training_GroundTruth/013247.png
566,ISBI2016_ISIC_Part1_Training_Data/013248.jpg,ISBI2016_ISIC_Part1_Training_GroundTruth/013248.png
567,ISBI2016_ISIC_Part1_Training_Data/013249.jpg,ISBI2016_ISIC_Part1_Training_GroundTruth/013249.png
568,ISBI2016_ISIC_Part1_Training_Data/013250.jpg,ISBI2016_ISIC_Part1_Training_GroundTruth/013250.png
569,ISBI2016_ISIC_Part1_Training_Data/013251.jpg,ISBI2016_ISIC_Part1_Training_GroundTruth/013251.png
570,ISBI2016_ISIC_Part1_Training_Data/013252.jpg,ISBI2016_ISIC_Part1_Training_GroundTruth/013252.png
571,ISBI2016_ISIC_Part1_Training_Data/013253.jpg,ISBI2016_ISIC_Part1_Training_GroundTruth/013253.png
572,ISBI2016_ISIC_Part1_Training_Data/013254.jpg,ISBI2016_ISIC_Part1_Training_GroundTruth/013254.png
573,ISBI2016_ISIC_Part1_Training_Data/013255.jpg,ISBI2016_ISIC_Part1_Training_GroundTruth/013255.png
574,ISBI2016_ISIC_Part1_Training_Data/013256.jpg,ISBI2016_ISIC_Part1_Training_GroundTruth/013256.png
575,ISBI2016_ISIC_Part1_Training_Data/013257.jpg,ISBI2016_ISIC_Part1_Training_GroundTruth/013257.png
576,ISBI2016_ISIC_Part1_Training_Data/013258.jpg,ISBI2016_ISIC_Part1_Training_GroundTruth/013258.png
577,ISBI2016_ISIC_Part1_Training_Data/013259.jpg,ISBI2016_ISIC_Part1_Training_GroundTruth/013259.png
578,ISBI2016_ISIC_Part1_Training_Data/013260.jpg,ISBI2016_ISIC_Part1_Training_GroundTruth/013260.png
579,ISBI2016_ISIC_Part1_Training_Data/013261.jpg,ISBI2016_ISIC_Part1_Training_GroundTruth/013261.png
580,ISBI2016_ISIC_Part1_Training_Data/013262.jpg,ISBI2016_ISIC_Part1_Training_GroundTruth/013262.png
581,ISBI2016_ISIC_Part1_Training_Data/013263.jpg,ISBI2016_ISIC_Part1_Training_GroundTruth/013263.png
582,ISBI2016_ISIC_Part1_Training_Data/013264.jpg,ISBI2016_ISIC_Part1_Training_GroundTruth/013264.png
583,ISBI2016_ISIC_Part1_Training_Data/013265.jpg,ISBI2016_ISIC_Part1_Training_GroundTruth/013265.png
584,ISBI2016_ISIC_Part1_Training_Data/013266.jpg,ISBI2016_ISIC_Part1_Training_GroundTruth/013266.png
585,ISBI2016_ISIC_Part1_Training_Data/013267.jpg,ISBI2016_ISIC_Part1_Training_GroundTruth/013267.png
586,ISBI2016_ISIC_Part1_Training_Data/013268.jpg,ISBI2016_ISIC_Part1_Training_GroundTruth/013268.png
587,ISBI2016_ISIC_Part1_Training_Data/013269.jpg,ISBI2016_ISIC_Part1_Training_GroundTruth/013269.png
588,ISBI2016_ISIC_Part1_Training_Data/013270.jpg,ISBI2016_ISIC_Part1_Training_GroundTruth/013270.png
589,ISBI2016_ISIC_Part1_Training_Data/013271.jpg,ISBI2016_ISIC_Part1_Training_GroundTruth/013271.png
590,ISBI2016_ISIC_Part1_Training_Data/013272.jpg,ISBI2016_ISIC_Part1_Training_GroundTruth/013272.png
591,ISBI2016_ISIC_Part1_Training_Data/013273.jpg,ISBI2016_ISIC_Part1_Training_GroundTruth/013273.png
592,ISBI2016_ISIC_Part1_Training_Data/013274.jpg,ISBI2016_ISIC_Part1_Training_GroundTruth/013274.png
593,ISBI2016_ISIC_Part1_Training_Data/017565.jpg,ISBI2016_ISIC_Part1_Training_GroundTruth/017565.png
594,ISBI2016_ISIC_Part1_Training_Data/017566.jpg,ISBI2016_ISIC_Part1_Training_GroundTruth/017566.png
595,ISBI2016_ISIC_Part1_Training_Data/017567.jpg,ISBI2016_ISIC_Part1_Training_GroundTruth/017567.png
596,ISBI2016_ISIC_Part1_Training_Data/017568.jpg,ISBI2016_ISIC_Part1_Training_GroundTruth/017568.png
597,ISBI2016_ISIC_Part1_Training_Data/017569.jpg,ISBI2016_ISIC_Part1_Training_GroundTruth/017569.png
598,ISBI2016_ISIC_Part1_Training_Data/017570.jpg,ISBI2016_ISIC_Part1_Training_GroundTruth/017570.png
599,ISBI2016_ISIC_Part1_Training_Data/017571.jpg,ISBI2016_ISIC_Part1_Training_GroundTruth/017571.png
600,ISBI2016_ISIC_Part1_Training_Data/017572.jpg,ISBI2016_ISIC_Part1_Training_GroundTruth/017572.png
601,ISBI2016_ISIC_Part1_Training_Data/017573.jpg,ISBI2016_ISIC_Part1_Training_GroundTruth/017573.png
602,ISBI2016_ISIC_Part1_Training_Data/017574.jpg,ISBI2016_ISIC_Part1_Training_GroundTruth/017574.png
603,ISBI2016_ISIC_Part1_Training_Data/017575.jpg,ISBI2016_ISIC_Part1_Training_GroundTruth/017575.png
604,ISBI2016_ISIC_Part1_Training_Data/017576.jpg,ISBI2016_ISIC_Part1_Training_GroundTruth/017576.png
605,ISBI2016_ISIC_Part1_Training_Data/017577.jpg,ISBI2016_ISIC_Part1_Training_GroundTruth/017577.png
606,ISBI2016_ISIC_Part1_Training_Data/017578.jpg,ISBI2016_ISIC_Part1_Training_GroundTruth/017578.png
607,ISBI2016_ISIC_Part1_Training_Data/017579.jpg,ISBI2016_ISIC_Part1_Training_GroundTruth/017579.png
608,ISBI2016_ISIC_Part1_Training_Data/017580.jpg,ISBI2016_ISIC_Part1_Training_GroundTruth/017580.png
609,ISBI2016_ISIC_Part1_Training_Data/017581.jpg,ISBI2016_ISIC_Part1_Training_GroundTruth/017581.png
610,ISBI2016_ISIC_Part1_Training_Data/017582.jpg,ISBI2016_ISIC_Part1_Training_GroundTruth/017582.png
611,ISBI2016_ISIC_Part1_Training_Data/017583.jpg,ISBI2016_ISIC_Part1_Training_GroundTruth/017583.png
612,ISBI2016_ISIC_Part1_Training_Data/017584.jpg,ISBI2016_ISIC_Part1_Training_GroundTruth/017584.png
613,ISBI2016_ISIC_Part1_Training_Data/017585.jpg,ISBI2016_ISIC_Part1_Training_GroundTruth/017585.png
614,ISBI2016_ISIC_Part1_Training_Data/017586.jpg,ISBI2016_ISIC_Part1_Training_GroundTruth/017586.png
615,ISBI2016_ISIC_Part1_Training_Data/017587.jpg,ISBI2016_ISIC_Part1_Training_GroundTruth/017587.png
616,ISBI2016_ISIC_Part1_Training_Data/017588.jpg,ISBI2016_ISIC_Part1_Training_GroundTruth/017588.png
617,ISBI2016_ISIC_Part1_Training_Data/017589.jpg,ISBI2016_ISIC_Part1_Training_GroundTruth/017589.png
618,ISBI2016_ISIC_Part1_Training_Data/017590.jpg,ISBI2016_ISIC_Part1_Training_GroundTruth/017590.png
619,ISBI2016_ISIC_Part1_Training_Data/017591.jpg,ISBI2016_ISIC_Part1_Training_GroundTruth/017591.png
620,ISBI2016_ISIC_Part1_Training_Data/017592.jpg,ISBI2016_ISIC_Part1_Training_GroundTruth/017592.png
621,ISBI2016_ISIC_Part1_Training_Data/017593.jpg,ISBI2016_ISIC_Part1_Training_GroundTruth/017593.png
622,ISBI2016_ISIC_Part1_Training_Data/017594.jpg,ISBI2016_ISIC_Part1_Training_GroundTruth/017594.png
623,ISBI2016_ISIC_Part1_Training_Data/017595.jpg,ISBI2016_ISIC_Part1_Training_GroundTruth/017595.png
624,ISBI2016_ISIC_Part1_Training_Data/017596.jpg,ISBI2016_ISIC_Part1_Training_GroundTruth/017596.png
625,ISBI2016_ISIC_Part1_Training_Data/017597.jpg,ISBI2016_ISIC_Part1_Training_GroundTruth/017597.png
626,ISBI2016_ISIC_Part1_Training_Data/017598.jpg,ISBI2016_ISIC_Part1_Training_GroundTruth/017598.png
627,ISBI2016_ISIC_Part1_Training_Data/017599.jpg,ISBI2016_ISIC_Part1_Training_GroundTruth/017599.png
628,ISBI2016_ISIC_Part1_Training_Data/017600.jpg,ISBI2016_ISIC_Part1_Training_GroundTruth/017600.png
629,ISBI2016_ISIC_Part1_Training_Data/017601.jpg,ISBI2016_ISIC_Part1_Training_GroundTruth/017601.png
630,ISBI2016_ISIC_Part1_Training_Data/019981.jpg,ISBI2016_ISIC_Part1_Training_GroundTruth/019981.png
631,ISBI2016_ISIC_Part1_Training_Data/019982.jpg,ISBI2016_ISIC_Part1_Training_GroundTruth/019982.png
632,ISBI2016_ISIC_Part1_Training_Data/019983.jpg,ISBI2016_ISIC_Part1_Training_GroundTruth/019983.png
633,ISBI2016_ISIC_Part1_Training_Data/019984.jpg,ISBI2016_ISIC_Part1_Training_GroundTruth/019984.png
634,ISBI2016_ISIC_Part1_Training_Data/019985.jpg,ISBI2016_ISIC_Part1_Training_GroundTruth/019985.png
635,ISBI2016_ISIC_Part1_Training_Data/019986.jpg,ISBI2016_ISIC_Part1_Training_GroundTruth/019986.png
636,ISBI2016_ISIC_Part1_Training_Data/019987.jpg,ISBI2016_ISIC_Part1_Training_GroundTruth/019987.png
637,ISBI2016_ISIC_Part1_Training_Data/019988.jpg,ISBI2016_ISIC_Part1_Training_GroundTruth/019988.png
638,ISBI2016_ISIC_Part1_Training_Data/019989.jpg,ISBI2016_ISIC_Part1_Training_GroundTruth/019989.png
639,ISBI2016_ISIC_Part1_Training_Data/019990.jpg,ISBI2016_ISIC_Part1_Training_GroundTruth/019990.png
640,ISBI2016_ISIC_Part1_Training_Data/019991.jpg,ISBI2016_ISIC_Part1_Training_GroundTruth/019991.png
641,ISBI2016_ISIC_Part1_Training_Data/019992.jpg,ISBI2016_ISIC_Part1_Training_GroundTruth/019992.png
642,ISBI2016_ISIC_Part1_Training_Data/019993.jpg,ISBI2016_ISIC_Part1_Training_GroundTruth/019993.png
643,ISBI2016_ISIC_Part1_Training_Data/019994.jpg,ISBI2016_ISIC_Part1_Training_GroundTruth/019994.png
644,ISBI2016_ISIC_Part1_Training_Data/019995.jpg,ISBI2016_ISIC_Part1_Training_GroundTruth/019995.png
645,ISBI2016_ISIC_Part1_Training_Data/019996.jpg,ISBI2016_ISIC_Part1_Training_GroundTruth/019996.png
646,ISBI2016_ISIC_Part1_Training_Data/019997.jpg,ISBI2016_ISIC_Part1_Training_GroundTruth/019997.png
647,ISBI2016_ISIC_Part1_Training_Data/019998.jpg,ISBI2016_ISIC_Part1_Training_GroundTruth/019998.png
648,ISBI2016_ISIC_Part1_Training_Data/019999.jpg,ISBI2016_ISIC_Part1_Training_GroundTruth/019999.png
649,ISBI2016_ISIC_Part1_Training_Data/020000.jpg,ISBI2016_ISIC_Part1_Training_GroundTruth/020000.png
650,ISBI2016_ISIC_Part1_Training_Data/020001.jpg,ISBI2016_ISIC_Part1_Training_GroundTruth/020001.png
651,ISBI2016_ISIC_Part1_Training_Data/020002.jpg,ISBI2016_ISIC_Part1_Training_GroundTruth/020002.png
652,ISBI2016_ISIC_Part1_Training_Data/020003.jpg,ISBI2016_ISIC_Part1_Training_GroundTruth/020003.png
653,ISBI2016_ISIC_Part1_Training_Data/020004.jpg,ISBI2016_ISIC_Part1_Training_GroundTruth/020004.png
654,ISBI2016_ISIC_Part1_Training_Data/020005.jpg,ISBI2016_ISIC_Part1_Training_GroundTruth/020005.png
655,ISBI2016_ISIC_Part1_Training_Data/020006.jpg,ISBI2016_ISIC_Part1_Training_GroundTruth/020006.png
656,ISBI2016_ISIC_Part1_Training_Data/020007.jpg,ISBI2016_ISIC_Part1_Training_GroundTruth/020007.png
657,ISBI2016_ISIC_Part1_Training_Data/020008.jpg,ISBI2016_ISIC_Part1_Training_GroundTruth/020008.png
658,ISBI2016_ISIC_Part1_Training_Data/020009.jpg,ISBI2016_ISIC_Part1_Training_GroundTruth/020009.png
659,ISBI2016_ISIC_Part1_Training_Data/020010.jpg,ISBI2016_ISIC_Part1_Training_GroundTruth/020010.png
660,ISBI2016_ISIC_Part1_Training_Data/020011.jpg,ISBI2016_ISIC_Part1_Training_GroundTruth/020011.png
661,ISBI2016_ISIC_Part1_Training_Data/020012.jpg,ISBI2016_ISIC_Part1_Training_GroundTruth/020012.png
662,ISBI2016_ISIC_Part1_Training_Data/020013.jpg,ISBI2016_ISIC_Part1_Training_GroundTruth/020013.png
663,ISBI2016_ISIC_Part1_Training_Data/020014.jpg,ISBI2016_ISIC_Part1_Training_GroundTruth/020014.png
664,ISBI2016_ISIC_Part1_Training_Data/020015.jpg,ISBI2016_ISIC_Part1_Training_GroundTruth/020015.png
665,ISBI2016_ISIC_Part1_Training_Data/020016.jpg,ISBI2016_ISIC_Part1_Training_GroundTruth/020016.png
666,ISBI2016_ISIC_Part1_Training_Data/020017.jpg,ISBI2016_ISIC_Part1_Training_GroundTruth/020017.png
667,ISBI2016_ISIC_Part1_Training_Data/020018.jpg,ISBI2016_ISIC_Part1_Training_GroundTruth/020018.png
668,ISBI2016_ISIC_Part1_Training_Data/020611.jpg,ISBI2016_ISIC_Part1_Training_GroundTruth/020611.png
669,ISBI2016_ISIC_Part1_Training_Data/020612.jpg,ISBI2016_ISIC_Part1_Training_GroundTruth/020612.png
670,ISBI2016_ISIC_Part1_Training_Data/020613.jpg,ISBI2016_ISIC_Part1_Training_GroundTruth/020613.png
671,ISBI2016_ISIC_Part1_Training_Data/020614.jpg,ISBI2016_ISIC_Part1_Training_GroundTruth/020614.png
672,ISBI2016_ISIC_Part1_Training_Data/020615.jpg,ISBI2016_ISIC_Part1_Training_GroundTruth/020615.png
673,ISBI2016_ISIC_Part1_Training_Data/020616.jpg,ISBI2016_ISIC_Part1_Training_GroundTruth/020616.png
674,ISBI2016_ISIC_Part1_Training_Data/020617.jpg,ISBI2016_ISIC_Part1_Training_GroundTruth/020617.png
675,ISBI2016_ISIC_Part1_Training_Data/020618.jpg,ISBI2016_ISIC_Part1_Training_GroundTruth/020618.png
676,ISBI2016_ISIC_Part1_Training_Data/020619.jpg,ISBI2016_ISIC_Part1_Training_GroundTruth/020619.png
677,ISBI2016_ISIC_Part1_Training_Data/020620.jpg,ISBI2016_ISIC_Part1_Training_GroundTruth/020620.png
678,ISBI2016_ISIC_Part1_Training_Data/020621.jpg,ISBI2016_ISIC_Part1_Training_GroundTruth/020621.png
679,ISBI2016_ISIC_Part1_Training_Data/020622.jpg,ISBI2016_ISIC_Part1_Training_GroundTruth/020622.png
680,ISBI2016_ISIC_Part1_Training_Data/020623.jpg,ISBI2016_ISIC_Part1_Training_GroundTruth/020623.png
681,ISBI2016_ISIC_Part1_Training_Data/020624.jpg,ISBI2016_ISIC_Part1_Training_GroundTruth/020624.png
682,ISBI2016_ISIC_Part1_Training_Data/020625.jpg,ISBI2016_ISIC_Part1_Training_GroundTruth/020625.png
683,ISBI2016_ISIC_Part1_Training_Data/020626.jpg,ISBI2016_ISIC_Part1_Training_GroundTruth/020626.png
684,ISBI2016_ISIC_Part1_Training_Data/020627.jpg,ISBI2016_ISIC_Part1_Training_GroundTruth/020627.png
685,ISBI2016_ISIC_Part1_Training_Data/020628.jpg,ISBI2016_ISIC_Part1_Training_GroundTruth/020628.png
686,ISBI2016_ISIC_Part1_Training_Data/020629.jpg,ISBI2016_ISIC_Part1_Training_GroundTruth/020629.png
687,ISBI2016_ISIC_Part1_Training_Data/020630.jpg,ISBI2016_ISIC_Part1_Training_GroundTruth/020630.png
688,ISBI2016_ISIC_Part1_Training_Data/020631.jpg,ISBI2016_ISIC_Part1_Training_GroundTruth/020631.png
689,ISBI2016_ISIC_Part1_Training_Data/020632.jpg,ISBI2016_ISIC_Part1_Training_GroundTruth/020632.png
690,ISBI2016_ISIC_Part1_Training_Data/020633.jpg,ISBI2016_ISIC_Part1_Training_GroundTruth/020633.png
691,ISBI2016_ISIC_Part1_Training_Data/020634.jpg,ISBI2016_ISIC_Part1_Training_GroundTruth/020634.png
692,ISBI2016_ISIC_Part1_Training_Data/020635.jpg,ISBI2016_ISIC_Part1_Training_GroundTruth/020635.png
693,ISBI2016_ISIC_Part1_Training_Data/020636.jpg,ISBI2016_ISIC_Part1_Training_GroundTruth/020636.png
694,ISBI2016_ISIC_Part1_Training_Data/020637.jpg,ISBI2016_ISIC_Part1_Training_GroundTruth/020637.png
695,ISBI2016_ISIC_Part1_Training_Data/020638.jpg,ISBI2016_ISIC_Part1_Training_GroundTruth/020638.png
696,ISBI2016_ISIC_Part1_Training_Data/020639.jpg,ISBI2016_ISIC_Part1_Training_GroundTruth/020639.png
697,ISBI2016_ISIC_Part1_Training_Data/020640.jpg,ISBI2016_ISIC_Part1_Training_GroundTruth/020640.png
698,ISBI2016_ISIC_Part1_Training_Data/020641.jpg,ISBI2016_ISIC_Part1_Training_GroundTruth/020641.png
699,ISBI2016_ISIC_Part1_Training_Data/020642.jpg,ISBI2016_ISIC_Part1_Training_GroundTruth/020642.png
700,ISBI2016_ISIC_Part1_Training_Data/020643.jpg,ISBI2016_ISIC_Part1_Training_GroundTruth/020643.png
701,ISBI2016_ISIC_Part1_Training_Data/020644.jpg,ISBI2016_ISIC_Part1_Training_GroundTruth/020644.png
702,ISBI2016_ISIC_Part1_Training_Data/020645.jpg,ISBI2016_ISIC_Part1_Training_GroundTruth/020645.png
703,ISBI2016_ISIC_Part1_Training_Data/020646.jpg,ISBI2016_ISIC_Part1_Training_GroundTruth/020646.png
704,ISBI2016_ISIC_Part1_Training_Data/020647.jpg,ISBI2016_ISIC_Part1_Training_GroundTruth/020647.png
705,ISBI2016_ISIC_Part1_Training_Data/020648.jpg,ISBI2016_ISIC_Part1_Training_GroundTruth/020648.png
706,ISBI2016_ISIC_Part1_Training_Data/021008.jpg,ISBI2016_ISIC_Part1_Training_GroundTruth/021008.png
707,ISBI2016_ISIC_Part1_Training_Data/021009.jpg,ISBI2016_ISIC_Part1_Training_GroundTruth/021009.png
708,ISBI2016_ISIC_Part1_Training_Data/021010.jpg,ISBI2016_ISIC_Part1_Training_GroundTruth/021010.png
709,ISBI2016_ISIC_Part1_Training_Data/021011.jpg,ISBI2016_ISIC_Part1_Training_GroundTruth/021011.png
710,ISBI2016_ISIC_Part1_Training_Data/021012.jpg,ISBI2016_ISIC_Part1_Training_GroundTruth/021012.png
711,ISBI2016_ISIC_Part1_Training_Data/021013.jpg,ISBI2016_ISIC_Part1_Training_GroundTruth/021013.png
712,ISBI2016_ISIC_Part1_Training_Data/021014.jpg,ISBI2016_ISIC_Part1_Training_GroundTruth/021014.png
713,ISBI2016_ISIC_Part1_Training_Data/021015.jpg,ISBI2016_ISIC_Part1_Training_GroundTruth/021015.png
714,ISBI2016_ISIC_Part1_Training_Data/021016.jpg,ISBI2016_ISIC_Part1_Training_GroundTruth/021016.png
715,ISBI2016_ISIC_Part1_Training_Data/021017.jpg,ISBI2016_ISIC_Part1_Training_GroundTruth/021017.png
716,ISBI2016_ISIC_Part1_Training_Data/021018.jpg,ISBI2016_ISIC_Part1_Training_GroundTruth/021018.png
717,ISBI2016_ISIC_Part1_Training_Data/021019.jpg,ISBI2016_ISIC_Part1_Training_GroundTruth/021019.png
718,ISBI2016_ISIC_Part1_Training_Data/021020.jpg,ISBI2016_ISIC_Part1_Training_GroundTruth/021020.png
719,ISBI2016_ISIC_Part1_Training_Data/021021.jpg,ISBI2016_ISIC_Part1_Training_GroundTruth/021021.png
720,ISBI2016_ISIC_Part1_Training_Data/021022.jpg,ISBI2016_ISIC_Part1_Training_GroundTruth/021022.png
721,ISBI2016_ISIC_Part1_Training_Data/021023.jpg,ISBI2016_ISIC_Part1_Training_GroundTruth/021023.png
722,ISBI2016_ISIC_Part1_Training_Data/021024.jpg,ISBI2016_ISIC_Part1_Training_GroundTruth/021024.png
723,ISBI2016_ISIC_Part1_Training_Data/021025.jpg,ISBI2016_ISIC_Part1_Training_GroundTruth/021025.png
724,ISBI2016_ISIC_Part1_Training_Data/021026.jpg,ISBI2016_ISIC_Part1_Training_GroundTruth/021026.png
725,ISBI2016_ISIC_Part1_Training_Data/021027.jpg,ISBI2016_ISIC_Part1_Training_GroundTruth/021027.png
726,ISBI2016_ISIC_Part1_Training_Data/021028.jpg,ISBI2016_ISIC_Part1_Training_GroundTruth/021028.png
727,ISBI2016_ISIC_Part1_Training_Data/021029.jpg,ISBI2016_ISIC_Part1_Training_GroundTruth/021029.png
728,ISBI2016_ISIC_Part1_Training_Data/021030.jpg,ISBI2016_ISIC_Part1_Training_GroundTruth/021030.png
729,ISBI2016_ISIC_Part1_Training_Data/021031.jpg,ISBI2016_ISIC_Part1_Training_GroundTruth/021031.png
730,ISBI2016_ISIC_Part1_Training_Data/021032.jpg,ISBI2016_ISIC_Part1_Training_GroundTruth/021032.png
731,ISBI2016_ISIC_Part1_Training_Data/021033.jpg,ISBI2016_ISIC_Part1_Training_GroundTruth/021033.png
732,ISBI2016_ISIC_Part1_Training_Data/021034.jpg,ISBI2016_ISIC_Part1_Training_GroundTruth/021034.png
733,ISBI2016_ISIC_Part1_Training_Data/021035.jpg,ISBI2016_ISIC_Part1_Training_GroundTruth/021035.png
734,ISBI2016_ISIC_Part1_Training_Data/021036.jpg,ISBI2016_ISIC_Part1_Training_GroundTruth/021036.png
735,ISBI2016_ISIC_Part1_Training_Data/021037.jpg,ISBI2016_ISIC_Part1_Training_GroundTruth/021037.png
736,ISBI2016_ISIC_Part1_Training_Data/021038.jpg,ISBI2016_ISIC_Part1_Training_GroundTruth/021038.png
737,ISBI2016_ISIC_Part1_Training_Data/021039.jpg,ISBI2016_ISIC_Part1_Training_GroundTruth/021039.png
738,ISBI2016_ISIC_Part1_Training_Data/021040.jpg,ISBI2016_ISIC_Part1_Training_GroundTruth/021040.png
739,ISBI2016_ISIC_Part1_Training_Data/021041.jpg,ISBI2016_ISIC_Part1_Training_GroundTruth/021041.png
740,ISBI2016_ISIC_Part1_Training_Data/021042.jpg,ISBI2016_ISIC_Part1_Training_GroundTruth/021042.png
741,ISBI2016_ISIC_Part1_Training_Data/021043.jpg,ISBI2016_ISIC_Part1_Training_GroundTruth/021043.png
742,ISBI2016_ISIC_Part1_Training_Data/021044.jpg,ISBI2016_ISIC_Part1_Training_GroundTruth/021044.png
743,ISBI2016_ISIC_Part1_Training_Data/021045.jpg,ISBI2016_ISIC_Part1_Training_GroundTruth/021045.png
744,ISBI2016_ISIC_Part1_Training_Data/023078.jpg,ISBI2016_ISIC_Part1_Training_GroundTruth/023078.png
745,ISBI2016_ISIC_Part1_Training_Data/023079.jpg,ISBI2016_ISIC_Part1_Training_GroundTruth/023079.png
746,ISBI2016_ISIC_Part1_Training_Data/023080.jpg,ISBI2016_ISIC_Part1_Training_GroundTruth/023080.png
747,ISBI2016_ISIC_Part1_Training_Data/023081.jpg,ISBI2016_ISIC_Part1_Training_GroundTruth/023081.png
748,ISBI2016_ISIC_Part1_Training_Data/023082.jpg,ISBI2016_ISIC_Part1_Training_GroundTruth/023082.png
749,ISBI2016_ISIC_Part1_Training_Data/023083.jpg,ISBI2016_ISIC_Part1_Training_GroundTruth/023083.png
750,ISBI2016_ISIC_Part1_Training_Data/023084.jpg,ISBI2016_ISIC_Part1_Training_GroundTruth/023084.png
751,ISBI2016_ISIC_Part1_Training_Data/023085.jpg,ISBI2016_ISIC_Part1_Training_GroundTruth/023085.png
752,ISBI2016_ISIC_Part1_Training_Data/023086.jpg,ISBI2016_ISIC_Part1_Training_GroundTruth/023086.png
753,ISBI2016_ISIC_Part1_Training_Data/023087.jpg,ISBI2016_ISIC_Part1_Training_GroundTruth/023087.png
754,ISBI2016_ISIC_Part1_Training_Data/023088.jpg,ISBI2016_ISIC_Part1_Training_GroundTruth/023088.png
755,ISBI2016_ISIC_Part1_Training_Data/023089.jpg,ISBI2016_ISIC_Part1_Training_GroundTruth/023089.png
756,ISBI2016_ISIC_Part1_Training_Data/023090.jpg,ISBI2016_ISIC_Part1_Training_GroundTruth/023090.png
757,ISBI2016_ISIC_Part1_Training_Data/023091.jpg,ISBI2016_ISIC_Part1_Training_GroundTruth/023091.png
758,ISBI2016_ISIC_Part1_Training_Data/023092.jpg,ISBI2016_ISIC_Part1_Training_GroundTruth/023092.png
759,ISBI2016_ISIC_Part1_Training_Data/023093.jpg,ISBI2016_ISIC_Part1_Training_GroundTruth/023093.png
760,ISBI2016_ISIC_Part1_Training_Data/023094.jpg,ISBI2016_ISIC_Part1_Training_GroundTruth/023094.png
761,ISBI2016_ISIC_Part1_Training_Data/023095.jpg,ISBI2016_ISIC_Part1_Training_GroundTruth/023095.png
762,ISBI2016_ISIC_Part1_Training_Data/023096.jpg,ISBI2016_ISIC_Part1_Training_GroundTruth/023096.png
763,ISBI2016_ISIC_Part1_Training_Data/023097.jpg,ISBI2016_ISIC_Part1_Training_GroundTruth/023097.png
764,ISBI2016_ISIC_Part1_Training_Data/023098.jpg,ISBI2016_ISIC_Part1_Training_GroundTruth/023098.png
765,ISBI2016_ISIC_Part1_Training_Data/023099.jpg,ISBI2016_ISIC_Part1_Training_GroundTruth/023099.png
766,ISBI2016_ISIC_Part1_Training_Data/023100.jpg,ISBI2016_ISIC_Part1_Training_GroundTruth/023100.png
767,ISBI2016_ISIC_Part1_Training_Data/023101.jpg,ISBI2016_ISIC_Part1_Training_GroundTruth/023101.png
768,ISBI2016_ISIC_Part1_Training_Data/023102.jpg,ISBI2016_ISIC_Part1_Training_GroundTruth/023102.png
769,ISBI2016_ISIC_Part1_Training_Data/023103.jpg,ISBI2016_ISIC_Part1_Training_GroundTruth/023103.png
770,ISBI2016_ISIC_Part1_Training_Data/023104.jpg,ISBI2016_ISIC_Part1_Training_GroundTruth/023104.png
771,ISBI2016_ISIC_Part1_Training_Data/023105.jpg,ISBI2016_ISIC_Part1_Training_GroundTruth/023105.png
772,ISBI2016_ISIC_Part1_Training_Data/023106.jpg,ISBI2016_ISIC_Part1_Training_GroundTruth/023106.png
773,ISBI2016_ISIC_Part1_Training_Data/023107.jpg,ISBI2016_ISIC_Part1_Training_GroundTruth/023107.png
774,ISBI2016_ISIC_Part1_Training_Data/023108.jpg,ISBI2016_ISIC_Part1_Training_GroundTruth/023108.png
775,ISBI2016_ISIC_Part1_Training_Data/023109.jpg,ISBI2016_ISIC_Part1_Training_GroundTruth/023109.png
776,ISBI2016_ISIC_Part1_Training_Data/023110.jpg,ISBI2016_ISIC_Part1_Training_GroundTruth/023110.png
777,ISBI2016_ISIC_Part1_Training_Data/023111.jpg,ISBI2016_ISIC_Part1_Training_GroundTruth/023111.png
778,ISBI2016_ISIC_Part1_Training_Data/023112.jpg,ISBI2016_ISIC_Part1_Training_GroundTruth/023112.png
779,ISBI2016_ISIC_Part1_Training_Data/023113.jpg,ISBI2016_ISIC_Part1_Training_GroundTruth/023113.png
780,ISBI2016_ISIC_Part1_Training_Data/023114.jpg,ISBI2016_ISIC_Part1_Training_GroundTruth/023114.png
781,ISBI2016_ISIC_Part1_Training_Data/023115.jpg,ISBI2016_ISIC_Part1_Training_GroundTruth/023115.png
782,ISBI2016_ISIC_Part1_Training_Data/023551.jpg,ISBI2016_ISIC_Part1_Training_GroundTruth/023551.png
783,ISBI2016_ISIC_Part1_Training_Data/023552.jpg,ISBI2016_ISIC_Part1_Training_GroundTruth/023552.png
784,ISBI2016_ISIC_Part1_Training_Data/023553.jpg,ISBI2016_ISIC_Part1_Training_GroundTruth/023553.png
785,ISBI2016_ISIC_Part1_Training_Data/023554.jpg,ISBI2016_ISIC_Part1_Training_GroundTruth/023554.png
786,ISBI2016_ISIC_Part1_Training_Data/023555.jpg,ISBI2016_ISIC_Part1_Training_GroundTruth/023555.png
787,ISBI2016_ISIC_Part1_Training_Data/023556.jpg,ISBI2016_ISIC_Part1_Training_GroundTruth/023556.png
788,ISBI2016_ISIC_Part1_Training_Data/023557.jpg,ISBI2016_ISIC_Part1_Training_GroundTruth/023557.png
789,ISBI2016_ISIC_Part1_Training_Data/023558.jpg,ISBI2016_ISIC_Part1_Training_GroundTruth/023558.png
790,ISBI2016_ISIC_Part1_Training_Data/023559.jpg,ISBI2016_ISIC_Part1_Training_GroundTruth/023559.png
791,ISBI2016_ISIC_Part1_Training_Data/023560.jpg,ISBI2016_ISIC_Part1_Training_GroundTruth/023560.png
792,ISBI2016_ISIC_Part1_Training_Data/023561.jpg,ISBI2016_ISIC_Part1_Training_GroundTruth/023561.png
793,ISBI2016_ISIC_Part1_Training_Data/023562.jpg,ISBI2016_ISIC_Part1_Training_GroundTruth/023562.png
794,ISBI2016_ISIC_Part1_Training_Data/023563.jpg,ISBI2016_ISIC_Part1_Training_GroundTruth/023563.png
795,ISBI2016_ISIC_Part1_Training_Data/023564.jpg,ISBI2016_ISIC_Part1_Training_GroundTruth/023564.png
796,ISBI2016_ISIC_Part1_Training_Data/023565.jpg,ISBI2016_ISIC_Part1_Training_GroundTruth/023565.png
797,ISBI2016_ISIC_Part1_Training_Data/023566.jpg,ISBI2016_ISIC_Part1_Training_GroundTruth/023566.png
798,ISBI2016_ISIC_Part1_Training_Data/023567.jpg,ISBI2016_ISIC_Part1_Training_GroundTruth/023567.png
799,ISBI2016_ISIC_Part1_Training_Data/023568.jpg,ISBI2016_ISIC_Part1_Training_GroundTruth/023568.png
800,ISBI2016_ISIC_Part1_Training_Data/023569.jpg,ISBI2016_ISIC_Part1_Training_GroundTruth/023569.png
801,ISBI2016_ISIC_Part1_Training_Data/023570.jpg,ISBI2016_ISIC_Part1_Training_GroundTruth/023570.png
802,ISBI2016_ISIC_Part1_Training_Data/023571.jpg,ISBI2016_ISIC_Part1_Training_GroundTruth/023571.png
803,ISBI2016_ISIC_Part1_Training_Data/023572.jpg,ISBI2016_ISIC_Part1_Training_GroundTruth/023572.png
804,ISBI2016_ISIC_Part1_Training_Data/023573.jpg,ISBI2016_ISIC_Part1_Training_GroundTruth/023573.png
805,ISBI2016_ISIC_Part1_Training_Data/023574.jpg,ISBI2016_ISIC_Part1_Training_GroundTruth/023574.png
806,ISBI2016_ISIC_Part1_Training_Data/023575.jpg,ISBI2016_ISIC_Part1_Training_GroundTruth/023575.png
807,ISBI2016_ISIC_Part1_Training_Data/023576.jpg,ISBI2016_ISIC_Part1_Training_GroundTruth/023576.png
808,ISBI2016_ISIC_Part1_Training_Data/023577.jpg,ISBI2016_ISIC_Part1_Training_GroundTruth/023577.png
809,ISBI2016_ISIC_Part1_Training_Data/023578.jpg,ISBI2016_ISIC_Part1_Training_GroundTruth/023578.png
810,ISBI2016_ISIC_Part1_Training_Data/023579.jpg,ISBI2016_ISIC_Part1_Training_GroundTruth/023579.png
811,ISBI2016_ISIC_Part1_Training_Data/023580.jpg,ISBI2016_ISIC_Part1_Training_GroundTruth/023580.png
812,ISBI2016_ISIC_Part1_Training_Data/023581.jpg,ISBI2016_ISIC_Part1_Training_GroundTruth/023581.png
813,ISBI2016_ISIC_Part1_Training_Data/023582.jpg,ISBI2016_ISIC_Part1_Training_GroundTruth/023582.png
814,ISBI2016_ISIC_Part1_Training_Data/023583.jpg,ISBI2016_ISIC_Part1_Training_GroundTruth/023583.png
815,ISBI2016_ISIC_Part1_Training_Data/023584.jpg,ISBI2016_ISIC_Part1_Training_GroundTruth/023584.png
816,ISBI2016_ISIC_Part1_Training_Data/023585.jpg,ISBI2016_ISIC_Part1_Training_GroundTruth/023585.png
817,ISBI2016_ISIC_Part1_Training_Data/023586.jpg,ISBI2016_ISIC_Part1_Training_GroundTruth/023586.png
818,ISBI2016_ISIC_Part1_Training_Data/023587.jpg,ISBI2016_ISIC_Part1_Training_GroundTruth/023587.png
819,ISBI2016_ISIC_Part1_Training_Data/023588.jpg,ISBI2016_ISIC_Part1_Training_GroundTruth/023588.png
820,ISBI2016_ISIC_Part1_Training_Data/026939.jpg,ISBI2016_ISIC_Part1_Training_GroundTruth/026939.png
821,ISBI2016_ISIC_Part1_Training_Data/026940.jpg,ISBI2016_ISIC_Part1_Training_GroundTruth/026940.png
822,ISBI2016_ISIC_Part1_Training_Data/026941.jpg,ISBI2016_ISIC_Part1_Training_GroundTruth/026941.png
823,ISBI2016_ISIC_Part1_Training_Data/026942.jpg,ISBI2016_ISIC_Part1_Training_GroundTruth/026942.png
824,ISBI2016_ISIC_Part1_Training_Data/026943.jpg,ISBI2016_ISIC_Part1_Training_GroundTruth/026943.png
825,ISBI2016_ISIC_Part1_Training_Data/026944.jpg,ISBI2016_ISIC_Part1_Training_GroundTruth/026944.png
826,ISBI2016_ISIC_Part1_Training_Data/026945.jpg,ISBI2016_ISIC_Part1_Training_GroundTruth/026945.png
827,ISBI2016_ISIC_Part1_Training_Data/026946.jpg,ISBI2016_ISIC_Part1_Training_GroundTruth/026946.png
828,ISBI2016_ISIC_Part1_Training_Data/026947.jpg,ISBI2016_ISIC_Part1_Training_GroundTruth/026947.png
829,ISBI2016_ISIC_Part1_Training_Data/026948.jpg,ISBI2016_ISIC_Part1_Training_GroundTruth/026948.png
830,ISBI2016_ISIC_Part1_Training_Data/026949.jpg,ISBI2016_ISIC_Part1_Training_GroundTruth/026949.png
831,ISBI2016_ISIC_Part1_Training_Data/026950.jpg,ISBI2016_ISIC_Part1_Training_GroundTruth/026950.png
832,ISBI2016_ISIC_Part1_Training_Data/026951.jpg,ISBI2016_ISIC_Part1_Training_GroundTruth/026951.png
833,ISBI2016_ISIC_Part1_Training_Data/026952.jpg,ISBI2016_ISIC_Part1_Training_GroundTruth/026952.png
834,ISBI2016_ISIC_Part1_Training_Data/026953.jpg,ISBI2016_ISIC_Part1_Training_GroundTruth/026953.png
835,ISBI2016_ISIC_Part1_Training_Data/026954.jpg,ISBI2016_ISIC_Part1_Training_GroundTruth/026954.png
836,ISBI2016_ISIC_Part1_Training_Data/026955.jpg,ISBI2016_ISIC_Part1_Training_GroundTruth/026955.png
837,ISBI2016_ISIC_Part1_Training_Data/026956.jpg,ISBI2016_ISIC_Part1_Training_GroundTruth/026956.png
838,ISBI2016_ISIC_Part1_Training_Data/026957.jpg,ISBI2016_ISIC_Part1_Training_GroundTruth/026957.png
839,ISBI2016_ISIC_Part1_Training_Data/026958.jpg,ISBI2016_ISIC_Part1_Training_GroundTruth/026958.png
840,ISBI2016_ISIC_Part1_Training_Data/026959.jpg,ISBI2016_ISIC_Part1_Training_GroundTruth/026959.png
841,ISBI2016_ISIC_Part1_Training_Data/026960.jpg,ISBI2016_ISIC_Part1_Training_GroundTruth/026960.png
842,ISBI2016_ISIC_Part1_Training_Data/026961.jpg,ISBI2016_ISIC_Part1_Training_GroundTruth/026961.png
843,ISBI2016_ISIC_Part1_Training_Data/026962.jpg,ISBI2016_ISIC_Part1_Training_GroundTruth/026962.png
844,ISBI2016_ISIC_Part1_Training_Data/026963.jpg,ISBI2016_ISIC_Part1_Training_GroundTruth/026963.png
845,ISBI2016_ISIC_Part1_Training_Data/026964.jpg,ISBI2016_ISIC_Part1_Training_GroundTruth/026964.png
846,ISBI2016_ISIC_Part1_Training_Data/026965.jpg,ISBI2016_ISIC_Part1_Training_GroundTruth/026965.png
847,ISBI2016_ISIC_Part1_Training_Data/026966.jpg,ISBI2016_ISIC_Part1_Training_GroundTruth/026966.png
848,ISBI2016_ISIC_Part1_Training_Data/026967.jpg,ISBI2016_ISIC_Part1_Training_GroundTruth/026967.png
849,ISBI2016_ISIC_Part1_Training_Data/026968.jpg,ISBI2016_ISIC_Part1_Training_GroundTruth/026968.png
850,ISBI2016_ISIC_Part1_Training_Data/026969.jpg,ISBI2016_ISIC_Part1_Training_GroundTruth/026969.png
851,ISBI2016_ISIC_Part1_Training_Data/026970.jpg,ISBI2016_ISIC_Part1_Training_GroundTruth/026970.png
852,ISBI2016_ISIC_Part1_Training_Data/026971.jpg,ISBI2016_ISIC_Part1_Training_GroundTruth/026971.png
853,ISBI2016_ISIC_Part1_Training_Data/026972.jpg,ISBI2016_ISIC_Part1_Training_GroundTruth/026972.png
854,ISBI2016_ISIC_Part1_Training_Data/026973.jpg,ISBI2016_ISIC_Part1_Training_GroundTruth/026973.png
855,ISBI2016_ISIC_Part1_Training_Data/026974.jpg,ISBI2016_ISIC_Part1_Training_GroundTruth/026974.png
856,ISBI2016_ISIC_Part1_Training_Data/026975.jpg,ISBI2016_ISIC_Part1_Training_GroundTruth/026975.png
857,ISBI2016_ISIC_Part1_Training_Data/026976.jpg,ISBI2016_ISIC_Part1_Training_GroundTruth/026976.png
858,ISBI2016_ISIC_Part1_Training_Data/027378.jpg,ISBI2016_ISIC_Part1_Training_GroundTruth/027378.png
859,ISBI2016_ISIC_Part1_Training_Data/027379.jpg,ISBI2016_ISIC_Part1_Training_GroundTruth/027379.png
860,ISBI2016_ISIC_Part1_Training_Data/027380.jpg,ISBI2016_ISIC_Part1_Training_GroundTruth/027380.png
861,ISBI2016_ISIC_Part1_Training_Data/027381.jpg,ISBI2016_ISIC_Part1_Training_GroundTruth/027381.png
862,ISBI2016_ISIC_Part1_Training_Data/027382.jpg,ISBI2016_ISIC_Part1_Training_GroundTruth/027382.png
863,ISBI2016_ISIC_Part1_Training_Data/027383.jpg,ISBI2016_ISIC_Part1_Training_GroundTruth/027383.png
864,ISBI2016_ISIC_Part1_Training_Data/027384.jpg,ISBI2016_ISIC_Part1_Training_GroundTruth/027384.png
865,ISBI2016_ISIC_Part1_Training_Data/027385.jpg,ISBI2016_ISIC_Part1_Training_GroundTruth/027385.png
866,ISBI2016_ISIC_Part1_Training_Data/027386.jpg,ISBI2016_ISIC_Part1_Training_GroundTruth/027386.png
867,ISBI2016_ISIC_Part1_Training_Data/027387.jpg,ISBI2016_ISIC_Part1_Training_GroundTruth/027387.png
868,ISBI2016_ISIC_Part1_Training_Data/027388.jpg,ISBI2016_ISIC_Part1_Training_GroundTruth/027388.png
869,ISBI2016_ISIC_Part1_Training_Data/027389.jpg,ISBI2016_ISIC_Part1_Training_GroundTruth/027389.png
870,ISBI2016_ISIC_Part1_Training_Data/027390.jpg,ISBI2016_ISIC_Part1_Training_GroundTruth/027390.png
871,ISBI2016_ISIC_Part1_Training_Data/027391.jpg,ISBI2016_ISIC_Part1_Training_GroundTruth/027391.png
872,ISBI2016_ISIC_Part1_Training_Data/027392.jpg,ISBI2016_ISIC_Part1_Training_GroundTruth/027392.png
873,ISBI2016_ISIC_Part1_Training_Data/027393.jpg,ISBI2016_ISIC_Part1_Training_GroundTruth/027393.png
874,ISBI2016_ISIC_Part1_Training_Data/027394.jpg,ISBI2016_ISIC_Part1_Training_GroundTruth/027394.png
875,ISBI2016_ISIC_Part1_Training_Data/027395.jpg,ISBI2016_ISIC_Part1_Training_GroundTruth/027395.png
876,ISBI2016_ISIC_Part1_Training_Data/027396.jpg,ISBI2016_ISIC_Part1_Training_GroundTruth/027396.png
877,ISBI2016_ISIC_Part1_Training_Data/027397.jpg,ISBI2016_ISIC_Part1_Training_GroundTruth/027397.png
878,ISBI2016_ISIC_Part1_Training_Data/027398.jpg,ISBI2016_ISIC_Part1_Training_GroundTruth/027398.png
879,ISBI2016_ISIC_Part1_Training_Data/027399.jpg,ISBI2016_ISIC_Part1_Training_GroundTruth/027399.png
880,ISBI2016_ISIC_Part1_Training_Data/027400.jpg,ISBI2016_ISIC_Part1_Training_GroundTruth/027400.png
881,ISBI2016_ISIC_Part1_Training_Data/027401.jpg,ISBI2016_ISIC_Part1_Training_GroundTruth/027401.png
882,ISBI2016_ISIC_Part1_Training_Data/027402.jpg,ISBI2016_ISIC_Part1_Training_GroundTruth/027402.png
883,ISBI2016_ISIC_Part1_Training_Data/027403.jpg,ISBI2016_ISIC_Part1_Training_GroundTruth/027403.png
884,ISBI2016_ISIC_Part1_Training_Data/027404.jpg,ISBI2016_ISIC_Part1_Training_GroundTruth/027404.png
885,ISBI2016_ISIC_Part1_Training_Data/027405.jpg,ISBI2016_ISIC_Part1_Training_GroundTruth/027405.png
886,ISBI2016_ISIC_Part1_Training_Data/027406.jpg,ISBI2016_ISIC_Part1_Training_GroundTruth/027406.png
887,ISBI2016_ISIC_Part1_Training_Data/027407.jpg,ISBI2016_ISIC_Part1_Training_GroundTruth/027407.png
888,ISBI2016_ISIC_Part1_Training_Data/027408.jpg,ISBI2016_ISIC_Part1_Training_GroundTruth/027408.png
889,ISBI2016_ISIC_Part1_Training_Data/027409.jpg,ISBI2016_ISIC_Part1_Training_GroundTruth/027409.png
890,ISBI2016_ISIC_Part1_Training_Data/027410.jpg,ISBI2016_ISIC_Part1_Training_GroundTruth/027410.png
891,ISBI2016_ISIC_Part1_Training_Data/027411.jpg,ISBI2016_ISIC_Part1_Training_GroundTruth/027411.png
892,ISBI2016_ISIC_Part1_Training_Data/027412.jpg,ISBI2016_ISIC_Part1_Training_GroundTruth/027412.png
893,ISBI2016_ISIC_Part1_Training_Data/027413.jpg,ISBI2016_ISIC_Part1_Training_GroundTruth/027413.png
894,ISBI2016_ISIC_Part1_Training_Data/027414.jpg,ISBI2016_ISIC_Part1_Training_GroundTruth/027414.png
895,ISBI2016_ISIC_Part1_Training_Data/027415.jpg,ISBI2016_ISIC_Part1_Training_GroundTruth/027415.png
896,ISBI2016_ISIC_Part1_Training_Data/027416.jpg,ISBI2016_ISIC_Part1_Training_GroundTruth/027416.png
897,ISBI2016_ISIC_Part1_Training_Data/027417.jpg,ISBI2016_ISIC_Part1_Training_GroundTruth/027417.png
898,ISBI2016_ISIC_Part1_Training_Data/027418.jpg,ISBI2016_ISIC_Part1_Training_GroundTruth/027418.png
899,ISBI2016_ISIC_Part1_Training_Data/027419.jpg,ISBI2016_ISIC_Part1_Training_GroundTruth/027419.png
